data,tamponi_totali_test_effettuati,tamponi_totali_casi_diagnosticati,tamponi_totali_casi_positivi,tamponi_odierni_test_effettuati,tamponi_odierni_casi_diagnosticati,tamponi_odierni_casi_positivi,malati_totali_persone,malati_totali_provincia_pesaro_urbino,malati_totali_provincia_ancona,malati_totali_provincia_macerata,malati_totali_provincia_fermo,malati_totali_provincia_ascoli_piceno,malati_totali_provincia_extra_regione,malati_dimessi_guariti,malati_attivi_persone,malati_attivi_isolamento_domiciliare,malati_attivi_ricoverati_totali,malati_attivi_ricoverati_terapia_intensiva_totali,malati_attivi_ricoverati_terapia_intensiva_strutture_AO_Marche_Nord,malati_attivi_ricoverati_terapia_intensiva_strutture_AO_Ancona_Torrette,malati_attivi_ricoverati_terapia_intensiva_strutture_Senigallia,malati_attivi_ricoverati_terapia_intensiva_strutture_Fermo,malati_attivi_ricoverati_terapia_intensiva_strutture_Civitanova,malati_attivi_ricoverati_terapia_intensiva_strutture_Jesi,malati_attivi_ricoverati_terapia_intensiva_strutture_Urbino,malati_attivi_ricoverati_terapia_intensiva_strutture_Camerino,malati_attivi_ricoverati_terapia_intensiva_strutture_San_Benedetto_dT,malati_attivi_ricoverati_terapia_intensiva_strutture_Macerata,malati_attivi_ricoverati_terapia_intensiva_strutture_INRCA_Ancona,malati_attivi_ricoverati_semi_intensiva_totali,malati_attivi_ricoverati_semi_intensiva_strutture_Civitanova,malati_attivi_ricoverati_semi_intensiva_strutture_Camerino,malati_attivi_ricoverati_semi_intensiva_strutture_San_Benedetto_dT,malati_attivi_ricoverati_semi_intensiva_strutture_Jesi,malati_attivi_ricoverati_semi_intensiva_strutture_Macerata,malati_attivi_ricoverati_semi_intensiva_strutture_Urbino,malati_attivi_ricoverati_semi_intensiva_strutture_Senigallia,malati_attivi_ricoverati_semi_intensiva_strutture_Fermo,malati_attivi_ricoverati_semi_intensiva_strutture_AO_Marche_Nord,malati_attivi_ricoverati_semi_intensiva_strutture_AO_Ancona_Torrette,malati_attivi_ricoverati_semi_intensiva_strutture_Villa_Pini,malati_attivi_ricoverati_post_critica_totali,malati_attivi_ricoverati_post_critica_strutture_Chiaravalle,malati_attivi_ricoverati_post_critica_strutture_Galantara,malati_attivi_ricoverati_post_critica_strutture_Fossombrone,malati_attivi_ricoverati_post_critica_strutture_Villa_Pini,malati_attivi_ricoverati_post_critica_strutture_RSA_Campofilone,malati_attivi_ricoverati_post_critica_strutture_AO_Ancona_Torrette,malati_attivi_ricoverati_post_critica_strutture_INRCA_Fermo,malati_attivi_ricoverati_post_critica_strutture_OspedaleDaCampo_Jesi,malati_attivi_ricoverati_non_intensiva_totali,malati_attivi_ricoverati_non_intensiva_strutture_Fermo,malati_attivi_ricoverati_non_intensiva_strutture_Jesi,malati_attivi_ricoverati_non_intensiva_strutture_Urbino,malati_attivi_ricoverati_non_intensiva_strutture_Macerata,malati_attivi_ricoverati_non_intensiva_strutture_Senigallia,malati_attivi_ricoverati_non_intensiva_strutture_Fabriano,malati_attivi_ricoverati_non_intensiva_strutture_Camerino,malati_attivi_ricoverati_non_intensiva_strutture_Civitanova,malati_attivi_ricoverati_non_intensiva_strutture_San_Benedetto_dT,malati_attivi_ricoverati_non_intensiva_strutture_INRCA_Ancona,malati_attivi_ricoverati_non_intensiva_strutture_AO_Marche_Nord,malati_attivi_ricoverati_non_intensiva_strutture_AO_Ancona_Torrette,malati_attivi_ricoverati_non_intensiva_strutture_Villa_Pini,malati_quarantena_domiciliare_totali,malati_quarantena_domiciliare_attivi_totali,malati_quarantena_domiciliare_attivi_operatori_sanitari,malati_quarantena_domiciliare_attivi_sintomatici,malati_quarantena_domiciliare_attivi_asintomatici,malati_quarantena_domiciliare_provincia_pesaro_urbino_totali,malati_quarantena_domiciliare_provincia_pesaro_urbino_attivi_totali,malati_quarantena_domiciliare_provincia_pesaro_urbino_attivi_operatori_sanitari,malati_quarantena_domiciliare_provincia_pesaro_urbino_attivi_sintomatici,malati_quarantena_domiciliare_provincia_pesaro_urbino_attivi_asintomatici,malati_quarantena_domiciliare_provincia_ancona_totali,malati_quarantena_domiciliare_provincia_ancona_attivi_totali,malati_quarantena_domiciliare_provincia_ancona_attivi_operatori_sanitari,malati_quarantena_domiciliare_provincia_ancona_attivi_sintomatici,malati_quarantena_domiciliare_provincia_ancona_attivi_asintomatici,malati_quarantena_domiciliare_provincia_macerata_totali,malati_quarantena_domiciliare_provincia_macerata_attivi_totali,malati_quarantena_domiciliare_provincia_macerata_attivi_operatori_sanitari,malati_quarantena_domiciliare_provincia_macerata_attivi_sintomatici,malati_quarantena_domiciliare_provincia_macerata_attivi_asintomatici,malati_quarantena_domiciliare_provincia_fermo_totali,malati_quarantena_domiciliare_provincia_fermo_attivi_totali,malati_quarantena_domiciliare_provincia_fermo_attivi_operatori_sanitari,malati_quarantena_domiciliare_provincia_fermo_attivi_sintomatici,malati_quarantena_domiciliare_provincia_fermo_attivi_asintomatici,malati_quarantena_domiciliare_provincia_ascoli_piceno_totali,malati_quarantena_domiciliare_provincia_ascoli_piceno_attivi_totali,malati_quarantena_domiciliare_provincia_ascoli_piceno_attivi_operatori_sanitari,malati_quarantena_domiciliare_provincia_ascoli_piceno_attivi_sintomatici,malati_quarantena_domiciliare_provincia_ascoli_piceno_attivi_asintomatici,decessi_totali_decessi,decessi_totali_sesso_maschio,decessi_totali_sesso_femmina,decessi_totali_provincia_pesaro_urbino,decessi_totali_provincia_ancona,decessi_totali_provincia_macerata,decessi_totali_provincia_fermo,decessi_totali_provincia_ascoli_piceno,decessi_totali_provincia_extra_regione,decessi_odierni_decessi
02-25-2020,0,14,0,0,14,0,0,0,0,0,0,0,0,0,0,0,0,0,0,0,0,0,0,0,0,0,0,0,0,0,0,0,0,0,0,0,0,0,0,0,0,0,0,0,0,0,0,0,0,0,0,0,0,0,0,0,0,0,0,0,0,0,0,0,0,0,0,0,0,0,0,0,0,0,0,0,0,0,0,0,0,0,0,0,0,0,0,0,0,0,0,0,0,0,0,0,0,0,0,0,0,0,0,0
02-26-2020,0,19,1,0,5,1,0,0,0,0,0,0,0,0,0,0,0,0,0,0,0,0,0,0,0,0,0,0,0,0,0,0,0,0,0,0,0,0,0,0,0,0,0,0,0,0,0,0,0,0,0,0,0,0,0,0,0,0,0,0,0,0,0,0,0,0,0,0,0,0,0,0,0,0,0,0,0,0,0,0,0,0,0,0,0,0,0,0,0,0,0,0,0,0,0,0,0,0,0,0,0,0,0,0
02-27-2020,0,27,3,0,8,2,0,0,0,0,0,0,0,0,0,0,0,0,0,0,0,0,0,0,0,0,0,0,0,0,0,0,0,0,0,0,0,0,0,0,0,0,0,0,0,0,0,0,0,0,0,0,0,0,0,0,0,0,0,0,0,0,0,0,0,0,0,0,0,0,0,0,0,0,0,0,0,0,0,0,0,0,0,0,0,0,0,0,0,0,0,0,0,0,0,0,0,0,0,0,0,0,0,0
02-28-2020,0,46,6,0,19,3,0,0,0,0,0,0,0,0,0,0,0,0,0,0,0,0,0,0,0,0,0,0,0,0,0,0,0,0,0,0,0,0,0,0,0,0,0,0,0,0,0,0,0,0,0,0,0,0,0,0,0,0,0,0,0,0,0,0,0,0,0,0,0,0,0,0,0,0,0,0,0,0,0,0,0,0,0,0,0,0,0,0,0,0,0,0,0,0,0,0,0,0,0,0,0,0,0,0
02-29-2020,0,65,11,0,19,5,0,0,0,0,0,0,0,0,0,0,0,0,0,0,0,0,0,0,0,0,0,0,0,0,0,0,0,0,0,0,0,0,0,0,0,0,0,0,0,0,0,0,0,0,0,0,0,0,0,0,0,0,0,0,0,0,0,0,0,0,0,0,0,0,0,0,0,0,0,0,0,0,0,0,0,0,0,0,0,0,0,0,0,0,0,0,0,0,0,0,0,0,0,0,0,0,0,0
03-01-2020,0,98,25,0,33,14,0,0,0,0,0,0,0,0,0,0,0,0,0,0,0,0,0,0,0,0,0,0,0,0,0,0,0,0,0,0,0,0,0,0,0,0,0,0,0,0,0,0,0,0,0,0,0,0,0,0,0,0,0,0,0,0,0,0,0,0,0,0,0,0,0,0,0,0,0,0,0,0,0,0,0,0,0,0,0,0,0,0,0,0,0,0,0,0,0,0,0,0,0,0,0,0,0,0
03-02-2020,0,134,35,0,36,10,0,0,0,0,0,0,0,0,0,0,0,0,0,0,0,0,0,0,0,0,0,0,0,0,0,0,0,0,0,0,0,0,0,0,0,0,0,0,0,0,0,0,0,0,0,0,0,0,0,0,0,0,0,0,0,0,0,0,0,0,0,0,0,0,0,0,0,0,0,0,0,0,0,0,0,0,0,0,0,0,0,0,0,0,0,0,0,0,1,1,0,1,0,0,0,0,0,1
03-03-2020,0,198,61,0,64,26,0,0,0,0,0,0,0,0,0,0,0,0,0,0,0,0,0,0,0,0,0,0,0,0,0,0,0,0,0,0,0,0,0,0,0,0,0,0,0,0,0,0,0,0,0,0,0,0,0,0,0,0,0,0,0,0,0,0,0,0,0,0,0,0,0,0,0,0,0,0,0,0,0,0,0,0,0,0,0,0,0,0,0,0,0,0,0,0,1,1,0,1,0,0,0,0,0,0
03-04-2020,0,287,84,0,89,23,0,0,0,0,0,0,0,0,0,0,0,0,0,0,0,0,0,0,0,0,0,0,0,0,0,0,0,0,0,0,0,0,0,0,0,0,0,0,0,0,0,0,0,0,0,0,0,0,0,0,0,0,0,0,0,0,0,0,0,0,0,0,0,0,0,0,0,0,0,0,0,0,0,0,0,0,0,0,0,0,0,0,0,0,0,0,0,0,4,4,0,3,1,0,0,0,0,3
03-05-2020,0,413,124,0,126,40,124,100,19,2,3,0,0,0,120,44,76,19,12,2,0,2,1,0,1,0,1,0,0,0,0,0,0,0,0,0,0,0,0,0,0,0,0,0,0,0,0,0,0,0,57,4,2,0,0,0,0,0,0,0,2,35,14,0,0,704,116,61,643,0,480,68,47,433,0,147,39,3,144,0,36,3,6,30,0,33,6,5,28,0,8,8,0,8,4,4,0,3,1,0,0,0,0,0
03-06-2020,0,586,159,0,173,35,159,126,23,7,3,0,0,0,155,62,93,20,12,2,0,2,1,1,1,0,1,0,0,0,0,0,0,0,0,0,0,0,0,0,0,0,0,0,0,0,0,0,0,0,73,6,0,0,0,0,0,0,0,0,2,50,15,0,0,981,183,79,902,0,654,65,64,590,0,209,85,6,203,0,65,13,5,60,0,42,9,4,38,0,11,11,0,11,4,4,0,3,1,0,0,0,0,0
03-07-2020,0,816,207,0,230,48,200,152,38,7,3,0,0,0,194,70,124,33,21,3,0,4,1,2,1,0,1,0,0,0,0,0,0,0,0,0,0,0,0,0,0,0,0,0,0,0,0,0,0,0,91,6,6,0,0,1,0,0,0,0,3,46,29,0,0,1230,235,111,1119,0,774,82,89,685,0,291,122,8,283,0,68,15,9,59,0,84,15,5,79,0,13,1,0,13,6,6,0,4,2,0,0,0,0,2
03-08-2020,0,1034,270,0,218,63,272,204,54,9,5,0,0,0,265,114,151,41,24,8,0,3,1,2,1,0,2,0,0,0,0,0,0,0,0,0,0,0,0,0,0,0,0,0,0,0,0,0,0,0,110,12,0,0,0,1,0,0,0,0,3,77,17,0,0,1553,246,131,1422,0,905,87,100,805,0,413,149,10,403,0,130,21,16,114,0,90,15,5,85,0,15,1,0,15,7,7,0,5,2,0,0,0,0,1
03-09-2020,0,1250,323,0,216,53,323,246,63,9,5,0,0,0,313,130,183,47,25,8,0,5,1,3,1,0,2,0,2,0,0,0,0,0,0,0,0,0,0,0,0,0,0,0,0,0,0,0,0,0,136,13,2,10,0,6,0,8,0,0,3,71,23,0,0,1553,274,131,1422,0,905,87,100,805,0,413,149,10,403,0,130,21,16,114,0,90,16,5,85,0,15,1,0,15,10,8,2,8,2,0,0,0,0,3
03-10-2020,0,1437,394,0,187,71,394,296,81,11,6,0,0,0,376,163,213,54,28,9,0,5,1,4,1,2,2,0,2,0,0,0,0,0,0,0,0,0,0,0,0,0,0,0,0,0,0,0,0,0,159,19,0,1,0,2,0,33,0,0,2,72,30,0,0,1985,343,260,1725,0,1051,117,198,853,0,631,181,28,603,0,154,27,22,132,0,112,15,9,103,0,37,3,3,34,18,14,4,15,2,1,0,0,0,8
03-11-2020,0,1656,479,0,219,85,479,342,110,17,8,1,1,0,461,183,278,66,29,11,0,5,1,6,3,4,5,0,2,0,0,0,0,0,0,0,0,0,0,0,0,0,0,0,0,0,0,0,0,0,212,19,17,11,0,0,0,37,0,0,4,83,41,0,0,1909,299,264,1645,0,1007,101,198,809,0,630,162,34,596,0,126,18,20,106,0,110,15,9,101,0,36,3,3,33,22,17,5,19,2,1,0,0,0,4
03-12-2020,0,1907,592,0,251,113,592,403,142,32,11,1,3,0,570,240,330,76,23,17,0,5,1,7,3,13,5,0,2,0,0,0,0,0,0,0,0,0,0,0,0,0,0,0,0,0,0,0,0,0,254,25,17,17,3,0,0,39,1,0,7,92,53,0,0,2226,292,296,1930,0,1109,114,218,891,0,721,147,40,681,0,177,15,24,153,0,166,12,11,155,0,53,4,3,50,27,22,5,23,2,1,1,0,0,5
03-13-2020,0,2218,724,0,311,132,725,496,158,48,16,2,5,0,698,276,422,85,24,21,0,5,1,7,3,17,5,0,2,0,0,0,0,0,0,0,0,0,0,0,0,0,0,0,0,0,0,0,0,0,337,27,40,23,3,0,3,54,0,0,9,128,50,0,0,2642,319,334,2308,0,1223,128,229,994,0,854,145,45,809,0,318,24,40,278,0,174,16,12,162,0,73,6,8,65,36,29,7,30,4,1,1,0,0,9
03-14-2020,0,2551,899,0,333,175,899,591,215,58,22,7,6,0,863,321,542,93,26,21,0,6,4,7,3,18,6,0,2,0,0,0,0,0,0,0,0,0,0,0,0,0,0,0,0,0,0,0,0,0,449,54,22,33,2,25,3,54,1,0,17,174,64,0,0,2851,351,306,2545,0,1167,135,139,1028,0,894,152,55,839,0,442,35,76,366,0,223,21,24,199,0,125,8,12,113,46,37,9,40,4,1,1,0,0,10
03-15-2020,0,2937,1134,0,386,235,1133,712,267,94,36,14,10,0,1087,468,619,98,25,22,3,6,5,6,3,18,7,0,3,0,0,0,0,0,0,0,0,0,0,0,0,10,10,0,0,0,0,0,0,0,511,60,28,42,3,31,5,42,3,0,28,198,71,0,0,3458,392,438,3020,0,1479,147,255,1224,0,934,155,60,874,0,517,40,76,441,0,322,31,33,289,0,206,19,14,192,57,43,14,49,6,1,1,0,0,11
03-16-2020,0,3237,1243,0,300,109,1242,733,323,117,36,21,12,0,1185,547,638,110,24,22,4,8,8,7,4,18,10,0,5,0,0,0,0,0,0,0,0,0,0,0,0,16,16,0,0,0,0,0,0,0,512,53,36,32,3,39,2,45,1,0,24,195,82,0,0,3716,408,480,3236,0,1466,148,250,1216,0,993,136,67,926,0,594,54,88,506,0,439,49,57,382,0,224,21,18,206,69,50,19,59,6,2,2,0,0,12
03-17-2020,0,3572,1372,0,335,129,1371,812,356,128,36,23,16,0,1302,594,708,109,28,26,5,7,9,7,3,10,7,0,7,144,5,8,3,0,0,0,0,0,116,12,0,29,16,13,0,0,0,0,0,0,426,50,39,37,7,42,2,45,8,0,25,93,78,0,0,3862,392,529,3333,0,1621,156,281,1340,0,924,114,71,853,0,566,47,98,468,0,452,54,58,394,0,299,21,21,278,91,69,22,74,10,3,3,1,0,22
03-18-2020,0,4109,1567,0,537,195,1567,910,403,160,46,25,23,0,1476,719,757,119,32,29,5,7,9,8,5,8,7,0,9,145,5,8,3,0,0,0,0,0,114,15,0,58,22,13,0,0,0,23,0,0,435,50,47,35,2,52,2,42,24,0,22,98,61,0,0,4408,486,648,3760,0,1972,170,371,1601,0,1005,114,90,915,0,627,90,100,527,0,486,89,63,423,0,318,23,24,294,114,83,31,92,10,5,6,1,0,23
03-19-2020,0,4512,1731,0,403,164,1737,983,447,186,68,27,26,0,1623,826,797,141,36,31,7,10,9,15,5,10,8,0,10,140,2,8,3,0,0,0,0,2,110,15,0,77,29,13,5,2,0,28,0,0,439,52,47,29,5,41,1,44,42,7,23,87,61,0,0,4793,444,723,4070,0,2113,173,401,1712,0,1063,124,111,952,0,688,49,117,571,0,562,71,70,492,0,367,27,24,343,136,96,40,106,16,6,7,1,0,22
03-20-2020,0,5170,1981,0,658,250,1981,1099,513,215,80,43,31,0,1845,1003,842,138,34,33,7,10,8,12,6,10,8,0,10,154,7,8,10,0,0,0,0,0,113,16,0,97,33,13,5,8,0,38,0,0,453,49,69,35,8,41,5,45,41,8,24,72,56,0,0,4934,446,769,4165,0,2163,173,419,1744,0,1047,117,128,919,0,725,59,122,603,0,616,74,78,538,0,383,23,22,361,153,106,47,115,23,7,7,1,0,17
03-21-2020,0,5740,2153,0,570,172,2153,1186,564,238,82,50,33,2,1998,1115,883,141,36,34,6,10,8,15,6,10,8,0,8,128,7,8,10,0,0,0,0,0,87,16,0,120,33,13,9,11,0,44,10,0,494,45,68,43,9,68,3,45,38,36,30,48,61,0,0,5364,484,840,4524,0,2309,172,442,1867,0,1178,125,152,1026,0,807,61,137,670,0,646,79,81,565,0,424,26,28,396,183,124,59,131,27,10,14,1,0,30
03-22-2020,0,6391,2421,0,651,268,2421,1249,676,293,113,56,34,4,2234,1280,954,138,34,35,6,10,8,15,6,10,9,0,5,122,7,8,12,0,0,0,0,0,79,16,0,137,33,13,9,23,0,49,10,0,557,51,108,40,19,79,5,50,43,18,38,44,62,0,0,4916,484,858,4058,0,2209,172,432,1777,0,1096,147,173,923,0,774,58,146,628,0,555,88,83,472,0,282,19,24,258,202,136,66,145,30,11,15,1,0,19
03-23-2020,0,6764,2551,0,373,130,2569,1312,702,326,133,61,35,8,2359,1329,1030,148,36,42,6,10,9,15,5,10,9,0,6,128,13,7,11,13,0,0,0,0,67,17,0,162,32,13,19,33,0,55,10,0,592,48,95,59,14,79,4,50,43,22,38,69,71,0,0,4916,484,858,4058,0,2209,172,432,1777,0,1096,147,173,923,0,774,58,146,628,0,555,88,83,472,0,282,19,24,258,230,154,76,161,39,13,16,1,0,28
03-24-2020,0,7229,2736,0,465,185,2736,1371,751,368,139,64,43,8,2498,1487,1011,149,36,38,7,10,9,15,7,11,9,1,6,118,4,6,9,13,0,0,0,0,69,17,0,169,33,14,18,39,0,58,7,0,575,48,82,62,6,70,5,48,66,29,37,47,75,0,0,5397,557,1158,4239,0,2371,200,483,1888,0,1333,162,366,967,0,812,82,173,639,0,581,94,101,480,0,300,19,35,265,287,197,90,187,48,31,16,1,4,57
03-25-2020,0,7896,2934,0,667,198,2934,1432,820,395,160,80,47,8,2639,1553,1086,148,35,37,7,10,9,13,8,12,10,1,6,179,4,7,11,13,3,0,0,0,124,17,0,182,33,14,32,39,0,59,5,0,577,53,83,70,4,69,4,50,73,30,42,18,81,0,0,5872,600,1339,4533,0,2528,203,539,1989,0,1529,197,458,1071,0,933,86,200,733,0,582,93,106,476,0,300,21,36,264,310,210,100,197,53,33,22,1,4,23
03-26-2020,0,8623,3114,0,727,180,3114,1474,869,405,204,111,51,9,2795,1652,1143,166,39,39,8,14,9,15,9,12,11,2,8,261,9,8,13,13,3,13,0,0,109,93,0,198,34,14,35,52,0,58,5,0,518,56,83,63,7,73,4,50,66,30,40,35,11,0,0,6155,619,1457,4698,0,2655,226,576,2079,0,1678,192,517,1161,0,959,92,216,743,0,602,91,114,488,0,261,18,34,227,336,228,108,212,59,37,22,2,4,26
03-27-2020,0,9060,3196,0,437,82,3196,1475,905,411,233,118,54,10,2850,1709,1141,162,38,38,8,14,9,15,8,12,10,2,8,257,4,8,16,13,3,14,0,0,107,92,0,209,34,18,36,52,0,60,9,0,513,56,83,38,2,73,4,50,80,31,37,50,9,0,0,6368,647,1562,4806,0,2691,244,593,2098,0,1744,203,565,1179,0,991,93,227,764,0,645,88,132,513,0,297,19,45,252,364,246,118,228,68,37,24,3,4,28
03-28-2020,0,9884,3373,0,824,177,3373,1507,944,457,241,163,61,10,2999,1846,1153,166,40,40,7,14,8,15,8,12,10,2,10,270,8,8,16,13,5,14,0,0,99,95,12,188,34,18,26,40,0,60,10,0,529,57,89,47,5,76,0,51,85,32,33,50,4,0,0,6522,695,1677,4845,0,2715,273,635,2080,0,1818,212,616,1202,0,1010,96,238,772,0,682,95,142,540,0,297,19,46,251,386,257,129,242,71,39,26,3,5,22
03-29-2020,0,10431,3558,0,547,185,3558,1577,1019,476,246,179,61,12,3160,1992,1168,168,39,41,6,17,9,15,7,12,11,3,8,311,9,8,14,16,2,14,6,14,123,97,8,158,34,18,26,10,0,60,10,0,531,46,78,50,9,69,2,51,77,33,35,38,3,40,0,6523,717,1757,4766,0,2669,275,660,2009,0,1762,226,633,1129,0,1059,102,251,808,0,670,95,139,531,0,363,19,74,289,417,275,142,255,81,45,28,3,5,31
03-30-2020,0,10979,3684,0,548,126,3684,1639,1060,477,246,197,65,16,3251,2086,1165,167,36,42,8,17,9,15,8,12,11,2,7,315,9,7,16,16,3,14,5,14,127,96,8,160,34,18,26,15,0,59,8,0,523,46,78,47,3,71,2,52,76,24,38,35,4,47,0,6522,695,1677,4845,0,2715,273,635,2080,0,1818,212,616,1202,0,1010,96,238,772,0,682,95,142,540,0,297,19,46,251,452,305,147,273,85,52,34,3,5,35
03-31-2020,0,11724,3825,0,745,141,3825,1664,1116,493,259,222,71,21,3352,2237,1115,169,35,43,8,14,12,15,8,12,11,2,9,299,5,7,13,18,2,14,5,14,116,97,8,155,34,18,26,10,0,59,8,0,492,53,57,41,3,58,1,47,65,34,39,42,0,52,0,6798,768,1939,4859,0,2631,321,665,1966,0,2094,241,801,1293,0,1058,99,261,797,0,662,90,141,521,0,353,17,71,282,477,322,155,283,95,54,37,3,5,25
04-01-2020,0,12296,3962,0,572,137,3962,1722,1174,506,263,224,73,29,3456,2304,1152,168,35,42,8,14,13,15,8,12,11,2,8,296,4,7,13,18,3,14,5,14,123,87,8,156,34,18,26,10,0,60,8,0,532,53,78,49,2,67,2,45,76,32,41,35,0,52,0,6904,793,2060,4844,0,2836,343,889,1947,0,1942,241,676,1266,0,1056,101,259,797,0,699,91,159,540,0,371,17,77,294,503,338,165,294,101,62,37,4,5,26
04-02-2020,0,12943,4098,0,647,136,4098,1756,1211,533,284,227,87,40,3555,2405,1150,164,35,42,8,15,11,15,9,11,11,1,6,305,5,7,15,18,3,14,5,15,128,87,8,154,28,18,26,14,0,60,8,0,527,69,73,42,3,62,0,50,75,28,42,36,0,47,0,6990,848,2173,4817,0,2917,370,961,1956,0,1932,254,688,1244,0,1059,103,270,789,0,728,102,179,549,0,354,19,75,279,557,368,189,322,114,67,42,6,6,54
04-03-2020,0,13678,4230,0,735,132,4230,1786,1263,561,298,232,90,42,3631,2491,1140,158,35,41,8,7,13,15,9,11,13,0,6,295,5,6,13,19,2,14,5,6,129,88,8,154,28,18,26,14,0,60,8,0,533,73,72,37,1,64,1,50,75,28,41,42,2,47,0,6960,874,2234,4726,0,2920,370,1021,1899,0,1919,251,689,1230,0,1022,110,266,756,0,760,126,185,575,0,339,17,73,266,574,381,193,331,116,69,45,7,6,17
04-04-2020,0,14472,4341,0,794,111,4341,1820,1290,598,305,233,95,270,3497,2347,1150,153,35,42,10,7,10,14,7,11,13,0,4,291,5,7,12,18,1,14,5,6,130,85,8,164,28,18,26,14,10,59,9,0,542,73,74,42,2,66,0,49,86,26,39,38,0,47,0,7335,908,2361,4974,0,3093,388,1115,1978,0,2003,257,699,1304,0,1097,113,282,815,0,786,132,189,597,0,356,18,76,280,598,398,200,343,120,74,48,7,6,24
04-05-2020,0,15252,4464,0,780,123,4464,1853,1356,614,308,235,98,287,3578,2440,1138,151,29,43,8,8,12,14,9,12,12,0,4,279,5,6,12,18,1,14,5,6,125,79,8,187,28,42,26,14,10,58,9,0,521,71,62,41,2,66,0,51,85,21,42,33,0,47,0,7054,926,2392,4662,0,3058,405,1127,1931,0,1958,256,721,1237,0,1026,116,282,744,0,724,130,190,534,0,288,19,72,216,612,406,206,351,124,74,50,7,6,14
04-06-2020,0,15919,4614,0,667,150,4614,1919,1401,639,312,235,108,296,3706,2565,1141,140,22,42,8,8,10,14,8,12,12,0,4,286,5,6,15,15,1,14,5,6,127,84,8,193,31,42,26,14,15,56,9,0,522,71,62,45,3,66,0,48,79,21,41,39,0,47,0,7148,956,2522,4626,0,3117,424,1211,1906,0,1974,267,752,1222,0,1022,119,283,739,0,705,126,189,516,0,330,20,87,243,630,417,213,359,130,77,51,7,6,18
04-07-2020,0,16619,4710,0,700,96,4710,1956,1429,664,314,235,112,342,3738,2637,1101,139,22,41,7,13,10,14,6,11,11,0,4,277,5,7,14,14,1,14,5,3,123,83,8,198,33,42,26,14,15,58,10,0,487,68,60,36,4,61,0,49,68,15,47,30,2,47,0,7335,1010,2718,4617,0,3337,436,1409,1928,0,1962,275,749,1213,0,988,117,268,720,0,716,158,189,527,0,332,24,103,229,652,430,222,371,133,83,51,8,6,22
04-08-2020,0,17532,4859,0,913,149,4859,2001,1455,714,334,236,119,645,3562,2455,1107,133,22,39,5,10,11,14,6,10,11,0,5,275,4,6,14,14,1,14,5,10,113,86,8,204,33,42,26,14,20,57,12,0,495,62,60,44,3,68,0,50,64,15,47,35,0,47,20774,7906,1116,3115,4791,8967,3654,503,1640,2014,5891,2122,317,875,1247,2899,1015,120,271,744,1766,727,148,202,525,1251,388,28,127,261,669,440,229,379,139,86,51,8,6,17
04-09-2020,0,18194,4955,0,662,96,4955,2044,1481,732,339,236,123,885,3401,2323,1078,133,22,38,5,10,11,13,6,10,11,0,7,271,4,6,17,15,0,14,5,10,114,78,8,211,33,42,26,14,20,59,15,2,463,62,54,36,4,68,0,51,55,10,44,32,0,47,21343,7984,1113,3246,4738,9297,3799,504,1755,2044,6043,2126,321,880,1246,2952,1012,124,282,730,1777,673,136,202,471,1274,374,28,127,247,682,447,235,383,143,89,52,9,6,13
04-10-2020,0,18970,5084,0,776,129,5084,2093,1501,776,343,237,134,1086,3316,2264,1052,127,21,36,5,11,11,13,6,8,11,0,5,264,4,8,17,13,0,14,5,10,110,75,8,209,33,42,26,14,20,56,15,3,452,60,50,36,17,55,0,40,55,11,46,33,2,47,21833,8144,1135,3308,4836,9605,3934,521,1825,2109,6118,2136,323,883,1253,3019,1047,133,280,767,1793,651,131,201,450,1298,376,27,119,257,689,450,239,386,146,90,52,9,6,7
04-11-2020,0,20060,5211,0,1090,127,5211,2121,1547,801,354,249,139,1291,3231,2153,1078,118,20,34,5,7,8,13,7,9,11,0,4,255,4,6,15,11,1,14,5,9,110,73,7,228,33,42,26,3,49,55,14,6,477,63,48,28,20,49,0,44,72,13,47,35,5,53,22260,8046,1154,3316,4730,9858,3975,530,1886,2089,6234,2048,333,828,1220,3060,1020,137,285,735,1796,633,127,201,432,1312,370,27,116,254,700,458,242,391,149,90,54,9,7,11
04-12-2020,0,21057,5303,0,997,92,5303,2140,1590,818,361,253,141,1489,3114,2051,1063,114,17,33,4,8,9,11,6,10,11,0,5,249,5,6,17,12,1,14,5,5,106,71,7,225,33,42,26,3,50,50,15,6,475,55,60,25,26,54,0,46,68,13,40,35,0,53,22632,8164,1166,3362,4802,9989,3990,523,1904,2086,6400,2127,345,847,1280,3096,1029,145,292,737,1824,656,126,209,447,1323,362,27,110,252,713,465,248,399,151,91,55,10,7,13
04-13-2020,0,21513,5381,0,456,78,5381,2181,1605,834,363,254,144,1588,3080,2013,1067,108,11,32,4,8,10,11,6,10,11,0,5,241,3,6,17,12,0,14,5,5,101,71,7,223,33,42,26,3,50,46,17,6,495,56,60,28,26,54,0,50,70,14,49,33,2,53,22767,7997,1164,3357,4640,10041,3919,518,1900,2019,6450,2081,353,852,1229,3108,992,147,287,705,1845,650,119,209,441,1323,355,27,109,246,727,468,259,409,153,92,56,10,7,14
04-14-2020,0,21949,5426,0,436,45,5426,2195,1629,837,363,254,148,1603,3095,2052,1043,106,12,31,4,8,9,11,5,9,11,0,6,244,3,7,17,12,0,14,5,5,102,72,7,222,33,42,26,3,50,46,17,5,471,56,51,28,26,54,0,49,65,13,43,32,1,53,22873,7753,1158,3363,4390,10103,3813,521,1919,1894,6484,2024,346,849,1175,3118,962,144,281,681,1846,626,119,207,419,1322,328,28,107,221,746,477,269,417,158,97,57,10,7,19
04-15-2020,30329,22611,5503,0,662,77,5503,2230,1647,846,367,259,154,1660,3097,2103,994,106,16,30,4,7,8,10,5,9,9,1,7,234,4,6,19,10,0,14,5,4,96,68,8,220,33,42,26,3,50,43,18,5,434,48,40,22,26,49,0,49,59,13,42,41,1,44,23427,7887,1190,3426,4461,10362,3888,528,1963,1925,6678,2057,371,857,1200,3173,990,150,296,694,1860,612,114,210,402,1354,340,27,100,240,764,485,279,422,160,107,58,10,7,18
04-16-2020,33778,23718,5582,3449,1107,79,5582,2249,1664,871,378,266,154,1694,3124,2172,952,102,16,28,4,6,9,9,6,9,9,1,5,214,3,6,16,10,0,9,5,6,90,61,8,231,33,42,26,3,55,46,20,6,405,40,34,22,26,49,0,46,56,10,44,34,0,44,23766,7650,1208,3423,4227,10546,3761,536,2007,1754,6786,2049,381,837,1212,3209,945,153,270,675,1862,554,110,202,352,1363,341,28,107,234,784,492,292,429,167,112,59,10,7,20
04-17-2020,37997,24730,5668,4219,1012,86,5668,2277,1686,895,379,268,163,1726,3157,2224,933,94,11,25,4,6,8,9,6,9,10,1,5,205,4,8,15,9,0,9,5,6,85,56,8,241,33,54,26,3,55,44,20,6,393,35,35,17,20,49,0,46,56,12,42,36,1,44,23968,7882,1247,3507,4375,10667,3894,554,2076,1818,6808,2068,389,836,1232,3236,990,161,280,710,1886,580,115,208,372,1371,350,28,107,243,795,496,299,432,171,113,61,11,7,11
04-18-2020,39909,26013,5721,1912,1283,53,5721,2293,1702,906,381,271,168,1754,3172,2280,892,88,11,24,3,5,9,9,4,9,9,1,4,202,4,7,16,9,0,9,5,6,84,54,8,234,33,54,26,3,55,36,20,7,368,31,26,13,20,49,0,43,53,13,41,30,0,49,24145,7779,1365,3558,4221,10742,3885,548,2091,1794,6876,2002,392,832,1170,3261,1022,286,324,698,1893,548,112,205,343,1373,322,27,106,216,807,504,303,439,174,115,61,11,7,12
04-19-2020,41474,27099,5769,1565,1086,48,5769,2312,1718,914,384,271,170,1780,3182,2297,885,86,10,24,3,5,9,9,4,8,9,1,4,196,4,7,16,9,0,9,5,6,82,50,8,231,33,54,26,3,56,32,20,7,372,31,26,9,19,49,0,42,52,14,46,35,0,49,24425,7839,1284,3593,4246,10887,3988,550,2128,1860,6984,1979,406,826,1153,3285,1004,189,327,677,1896,534,111,203,331,1373,334,28,109,225,822,512,310,449,175,118,61,12,7,15
04-20-2020,42782,28006,5826,1308,907,57,5826,2333,1737,922,391,271,172,1792,3212,2340,872,80,10,23,3,5,9,6,3,8,9,0,4,188,4,7,15,11,0,7,5,4,80,47,8,232,33,54,26,3,60,32,19,5,372,34,24,9,19,54,0,43,52,10,44,34,0,49,24571,7777,1270,3593,4184,10984,4021,544,2129,1892,7021,1937,405,829,1108,3293,969,184,324,645,1900,531,111,205,326,1373,319,26,106,213,834,521,313,456,175,123,61,12,7,12
04-21-2020,44332,29090,5877,1550,1084,51,5877,2347,1760,932,395,271,172,1825,3218,2356,862,78,10,22,3,5,9,6,3,8,8,0,4,181,4,6,17,11,0,5,5,4,77,44,8,231,33,54,26,3,60,30,20,5,372,34,24,8,15,54,0,45,52,9,43,39,0,49,24951,7811,1281,3557,4254,11164,4040,553,2123,1917,7157,1933,402,806,1127,3329,995,187,329,666,1923,543,114,205,338,1378,300,25,94,206,845,526,319,461,177,125,62,12,8,11
04-22-2020,46492,30543,5924,2160,1453,47,5924,2366,1764,946,399,273,176,1849,3230,2419,811,76,11,21,3,6,8,5,3,8,7,0,4,169,5,4,13,10,0,5,5,4,70,45,8,227,33,54,26,3,60,27,19,5,339,35,24,8,15,47,0,44,33,10,39,35,0,49,25227,7933,1295,3558,4375,11315,4123,566,2136,1987,7216,1976,399,798,1178,3357,983,188,327,656,1954,562,119,209,353,1385,289,23,88,201,857,531,326,466,181,128,62,12,8,12
04-23-2020,47662,31673,5952,1170,1130,28,5952,2374,1768,956,402,274,178,1865,3230,2432,798,71,8,22,3,6,8,5,3,5,7,0,4,165,5,5,13,10,0,0,5,5,72,46,4,229,33,60,26,2,60,23,20,5,333,33,24,9,19,43,0,46,28,10,36,32,1,52,25610,7984,1263,3515,4469,11543,4237,567,2149,2088,7320,1961,383,774,1187,3389,995,194,332,663,1957,485,94,173,312,1401,306,25,87,219,865,536,329,467,185,131,62,12,8,8
04-24-2020,49163,33113,6028,1501,1440,76,6028,2401,1785,976,412,275,179,1890,3273,2507,766,61,8,20,3,6,6,4,1,5,6,0,2,165,5,5,13,12,0,0,5,4,70,47,4,226,33,60,26,2,60,21,20,4,314,32,21,7,20,42,0,45,27,10,32,25,1,52,25957,8083,1244,3584,4499,11789,4374,564,2236,2138,7363,1912,367,756,1156,3434,1012,197,332,680,1968,479,94,173,306,1403,306,22,87,219,874,537,337,471,187,133,63,12,8,9
04-25-2020,50996,34256,6058,1833,1143,30,6058,2411,1789,985,416,276,181,1912,3272,2525,747,58,7,18,3,6,5,3,1,6,6,0,3,151,4,6,13,6,0,0,5,3,65,45,4,225,33,60,26,2,60,20,20,4,313,27,22,4,19,42,0,44,26,9,32,35,1,52,26463,8195,1214,3549,4646,12118,4592,575,2276,2316,7492,1911,353,734,1177,3463,1003,198,326,677,1987,406,69,135,271,1403,283,19,78,205,879,541,338,475,187,134,63,12,8,5
04-26-2020,52063,35107,6111,1067,851,53,6111,2428,1796,998,423,279,187,1924,3308,2582,726,58,8,17,3,6,5,3,1,6,6,0,3,147,4,5,13,6,0,0,5,3,61,46,4,225,32,60,26,2,60,19,22,4,296,27,22,4,18,36,0,45,26,8,30,27,1,52,26657,8132,1207,3497,4635,12237,4583,568,2257,2326,7510,1857,345,690,1167,3491,1007,203,332,675,2005,407,72,141,266,1414,278,19,77,201,884,542,342,477,187,137,63,12,8,5
04-27-2020,52765,35617,6127,702,510,16,6127,2439,1799,999,423,279,188,1933,3310,2585,725,58,8,17,3,6,5,3,1,6,6,0,3,151,4,5,13,5,0,0,5,3,65,47,4,226,32,60,26,2,60,20,23,3,290,30,22,4,19,36,0,45,25,8,24,25,0,52,26802,8210,1217,3514,4696,12348,4669,576,2273,2396,7527,1851,345,688,1163,3501,1010,205,338,672,2009,406,72,142,264,1417,274,19,73,201,893,547,346,483,188,139,63,12,8,9
04-28-2020,54313,36650,6175,1548,1033,48,6175,2473,1800,1006,427,279,190,1948,3334,2610,724,58,10,17,3,6,3,3,1,7,5,0,3,147,5,5,12,5,0,0,5,3,62,46,4,223,32,60,26,2,60,16,24,3,296,24,22,3,21,36,0,45,20,11,25,37,0,52,27149,8108,1140,3412,4696,12546,4603,521,2219,2384,7634,1821,328,657,1164,3526,1003,202,321,682,2022,412,70,143,269,1421,269,19,72,197,899,551,348,484,192,140,63,12,8,6
04-29-2020,55905,37877,6210,1592,1227,35,6210,2490,1805,1010,431,281,193,1964,3347,2655,692,52,8,16,3,5,3,2,1,6,4,0,4,134,3,6,12,0,0,0,5,5,62,37,4,222,32,60,26,2,60,12,26,4,284,25,21,3,20,33,0,41,24,12,20,33,0,52,27465,8079,1128,3375,4704,12765,4666,507,2193,2473,7715,1775,326,655,1120,3530,970,202,318,652,2032,411,75,143,268,1423,257,18,66,191,906,552,354,486,194,142,64,12,8,7
04-30-2020,59488,39145,6247,3583,1268,37,6247,2506,1810,1017,435,281,198,2131,3210,2697,513,48,7,16,3,4,3,2,0,6,4,0,3,119,4,5,8,0,0,0,5,3,58,32,4,218,32,60,26,2,60,9,25,4,274,23,21,4,17,33,0,41,22,10,18,33,0,52,27909,8087,1124,3350,4737,12922,4736,502,2196,2540,7919,1688,312,625,1063,3544,963,202,316,647,2083,441,91,149,292,1441,259,17,64,195,911,553,358,489,195,143,64,12,8,5
05-01-2020,61241,40123,6275,1753,978,28,6275,2521,1813,1024,438,281,198,2153,3211,2754,457,44,6,15,3,4,3,2,0,6,4,0,1,119,4,5,7,0,0,0,4,3,62,28,6,209,32,60,26,0,58,7,26,0,229,14,16,0,18,25,0,39,23,9,19,36,0,30,28131,7975,1103,3305,4670,13057,4687,490,2169,2518,7982,1649,304,612,1037,3550,954,201,318,636,2092,442,91,145,297,1450,243,17,61,182,916,554,362,490,197,145,64,12,8,5
05-02-2020,62834,41156,6298,1593,1033,23,6298,2529,1814,1026,449,282,198,2177,3205,2760,445,46,8,14,3,4,3,2,0,6,4,0,2,117,3,4,7,0,0,0,3,4,61,29,6,207,32,60,26,0,60,4,25,0,221,12,16,0,19,25,0,38,23,7,16,35,0,30,28316,8000,1089,3306,4694,13178,4756,493,2189,2567,8005,1628,301,611,1017,3561,955,203,320,635,2122,427,75,126,301,1450,234,17,60,174,927,560,367,492,204,147,64,12,8,11
05-03-2020,64412,42281,6319,1578,1125,21,6319,2540,1817,1031,450,282,199,2194,3198,2755,443,43,7,14,3,4,3,2,0,5,4,0,1,114,3,4,7,0,0,0,3,2,64,25,6,210,32,60,26,0,60,6,26,0,222,12,16,0,19,23,0,37,23,7,17,38,0,30,28538,7714,1045,3162,4552,13222,4579,481,2101,2478,8171,1535,275,565,970,3564,950,198,314,636,2130,425,74,125,300,1451,225,17,57,168,932,563,369,493,205,150,64,12,8,5
05-04-2020,65398,42838,6363,986,557,44,6363,2571,1819,1034,451,284,204,2225,3206,2773,433,44,8,14,3,4,3,2,0,5,4,0,1,112,4,4,6,0,0,0,4,3,60,25,6,236,32,88,26,0,60,4,26,0,215,11,16,0,19,23,0,37,23,11,16,29,0,30,28595,7496,1017,3071,4425,13238,4389,460,2024,2365,8198,1526,270,555,971,3571,942,197,312,630,2137,427,74,124,303,1451,212,16,56,156,936,566,370,495,206,150,65,12,8,4
05-05-2020,67256,44045,6392,1858,1207,29,6392,2586,1820,1042,453,285,206,2237,3219,2790,429,42,7,14,3,4,2,3,0,5,3,0,1,114,4,3,7,0,0,0,4,3,62,25,6,228,25,88,26,0,60,3,26,0,219,10,17,0,19,23,0,38,22,11,16,33,0,30,28905,7355,994,2993,4362,13450,4293,441,1963,2330,8241,1476,265,547,929,3599,945,196,303,642,2154,432,74,124,308,1461,209,18,56,153,943,570,373,498,208,151,65,13,8,7
05-06-2020,69037,45026,6421,1781,981,29,6421,2604,1822,1047,454,285,209,2242,3236,2841,395,42,6,14,3,4,3,3,0,5,3,0,1,95,3,3,5,0,0,0,4,3,50,21,6,198,31,56,25,0,60,0,26,0,207,8,17,0,17,23,0,37,18,11,15,32,0,29,29225,7234,966,2927,4307,13549,4254,424,1922,2332,8431,1412,253,523,889,3621,940,198,300,640,2157,425,74,125,300,1467,203,17,57,146,948,573,375,502,209,151,65,13,8,5
05-07-2020,71017,46258,6452,1980,1232,31,6452,2630,1822,1050,454,286,210,2257,3247,2878,369,41,7,13,3,4,2,3,0,5,3,0,1,90,3,3,3,0,0,0,4,3,56,18,0,208,31,66,25,0,60,0,26,0,187,9,17,0,18,23,0,32,17,12,15,24,0,20,29496,7100,942,2868,4232,13701,4176,415,1884,2292,8530,1409,248,512,897,3632,932,195,294,638,2165,401,67,124,277,1468,182,17,54,128,954,576,378,505,210,152,66,13,8,6
05-08-2020,72504,47092,6470,1487,834,18,6470,2639,1826,1051,454,287,213,2278,3238,2897,341,38,7,13,2,2,2,3,0,5,3,0,1,67,4,3,0,0,0,0,0,2,40,18,0,227,31,85,25,0,60,0,26,0,185,11,11,0,15,20,0,32,14,13,15,34,0,20,29674,6822,861,2761,4061,13757,4010,395,1849,2161,8634,1343,209,463,880,3635,883,177,273,610,2168,396,65,124,272,1480,190,15,52,138,958,576,382,507,212,152,66,13,8,4
05-09-2020,73965,47827,6493,1461,735,23,6493,2650,1830,1056,455,287,215,2305,3230,2913,317,32,6,13,0,2,2,2,0,4,3,0,0,65,4,3,0,0,0,0,0,3,35,20,0,231,31,85,26,0,63,0,26,0,169,10,10,1,13,24,0,30,14,11,14,27,0,15,29933,6481,802,2618,3863,13915,3904,390,1788,2116,8716,1222,188,432,790,3644,855,172,262,593,2169,314,37,89,225,1489,186,15,47,139,960,576,384,508,212,153,66,13,8,2
05-10-2020,76367,49194,6533,2402,1367,40,6533,2667,1837,1067,455,287,220,2322,3251,2937,314,30,6,11,0,2,2,2,0,4,3,0,0,80,4,3,0,0,0,0,0,3,49,21,0,226,29,85,23,0,63,0,26,0,155,10,10,1,14,20,0,30,14,9,13,19,0,15,30082,6232,789,2530,3702,13976,3719,386,1718,2001,8758,1170,182,417,753,3680,861,171,262,599,2173,299,34,87,212,1495,183,16,46,137,964,578,386,510,212,155,66,13,8,4
05-11-2020,77830,50206,6543,1463,1012,10,6543,2675,1837,1068,455,288,220,2352,3227,2922,305,28,6,10,0,2,2,1,0,4,3,0,0,77,4,2,0,0,0,0,0,3,47,21,0,226,29,85,23,0,63,0,26,0,151,10,11,2,13,20,0,28,9,9,13,21,0,15,30232,6016,775,2442,3574,14071,3572,386,1653,1919,8795,1132,176,406,726,3692,848,166,250,598,2177,293,33,86,207,1497,171,14,47,124,969,582,387,512,212,158,66,13,8,5
05-12-2020,79414,51176,6568,1584,970,25,6568,2690,1839,1075,455,288,221,2391,3208,2954,254,24,3,9,0,2,2,1,0,4,3,0,0,73,4,2,0,0,0,0,0,3,44,20,0,233,29,85,23,0,70,0,26,0,108,8,11,0,11,8,0,28,11,8,10,13,0,0,30390,5829,749,2413,3416,14139,3438,362,1621,1817,8868,1098,172,402,696,3703,841,168,257,584,2178,285,33,87,198,1502,167,14,46,121,971,583,388,513,212,159,66,13,8,2
05-13-2020,80850,52041,6588,1436,865,20,6588,2705,1840,1077,455,288,223,2604,3013,2782,231,20,2,7,0,2,2,1,0,3,3,0,0,60,5,2,0,0,0,0,0,3,30,20,0,237,31,77,23,3,78,0,25,0,98,8,11,0,7,8,0,24,11,8,7,14,0,0,30696,5667,734,2333,3334,14304,3345,351,1578,1767,8980,1047,170,365,682,3719,842,167,263,579,2184,282,32,87,195,1509,151,14,40,111,974,584,390,514,213,160,66,13,8,3
05-14-2020,82840,53030,6603,1990,989,15,6603,2713,1840,1082,455,288,225,2725,2904,2697,207,18,1,6,0,2,2,1,0,3,3,0,0,56,5,2,0,0,0,0,0,2,26,21,0,232,31,77,19,3,78,0,24,0,81,8,9,0,6,5,0,23,9,8,7,6,0,0,30829,5493,718,2295,3198,14378,3216,345,1537,1679,9026,1052,166,364,688,3727,814,163,255,559,2186,264,30,100,164,1512,147,14,39,108,977,587,390,517,213,160,66,13,8,3
05-15-2020,84351,53813,6619,1511,783,16,6619,2723,1840,1087,455,288,226,2847,2795,2599,196,18,1,6,0,2,2,1,0,3,3,0,0,54,4,2,0,0,0,0,0,3,27,18,0,246,31,88,19,5,78,0,25,0,69,7,9,0,7,0,0,18,7,8,6,7,0,0,31080,5228,685,2156,3072,14517,3074,330,1452,1622,9114,985,156,333,652,3743,784,155,236,548,2189,241,30,98,143,1517,144,14,37,107,982,589,393,520,214,161,66,13,8,5
05-16-2020,87211,54804,6642,2860,991,23,6642,2727,1853,1092,455,289,226,3003,2657,2486,171,17,1,5,0,2,2,1,0,3,3,0,0,47,4,2,0,0,0,0,0,2,25,14,0,244,31,88,19,5,78,0,23,0,55,8,7,0,7,0,0,17,6,0,6,4,0,0,31242,5027,660,2096,2931,14632,3004,327,1448,1556,9138,962,153,327,635,3760,749,145,219,530,2191,176,21,70,106,1521,136,14,32,104,984,590,394,521,214,162,66,13,8,2
05-17-2020,88656,55667,6667,1445,863,25,6667,2730,1859,1103,458,290,227,3118,2565,2396,169,18,1,6,0,2,2,1,0,3,3,0,0,46,4,2,0,0,0,0,0,2,25,13,0,238,31,83,19,5,78,0,22,0,54,8,7,0,7,0,0,17,6,0,5,4,0,0,31438,4978,640,2070,2908,14705,3028,323,1450,1578,9236,897,138,299,598,3778,743,146,221,522,2193,172,21,70,102,1526,138,12,30,108,984,590,394,521,214,162,66,13,8,0
05-18-2020,89085,55988,6671,429,321,4,6671,2731,1860,1105,458,290,227,3379,2315,2142,173,17,0,6,0,2,2,1,0,3,3,0,0,49,5,2,0,0,0,0,0,2,23,17,0,238,31,83,19,5,78,0,22,0,56,10,7,0,7,0,0,17,6,0,5,4,0,0,31660,4881,623,1997,2884,14753,2904,310,1385,1519,9394,949,137,296,653,3788,740,145,216,524,2194,165,20,69,96,1531,123,11,31,92,986,591,395,522,214,163,66,13,8,2
05-19-2020,89985,56668,6675,900,680,4,6675,2733,1860,1106,458,290,228,3561,2128,1967,161,17,0,6,0,2,2,1,0,3,3,0,0,29,4,2,0,0,0,0,0,2,8,13,0,236,29,83,19,5,78,0,22,0,66,10,3,0,10,0,0,16,4,0,3,20,0,0,31765,4756,603,1978,2778,14801,2836,297,1378,1458,9438,916,130,288,628,3797,730,147,214,516,2194,155,18,67,88,1535,119,11,31,88,987,591,396,522,214,164,66,13,8,1
05-20-2020,90093,57604,6677,108,936,2,6677,2735,1860,1106,458,290,228,3716,1974,1833,141,16,0,6,0,2,1,1,0,3,3,0,0,22,2,2,0,0,0,0,0,2,5,11,0,233,29,81,19,5,78,0,21,0,55,10,3,0,10,0,0,16,3,0,0,13,0,0,31939,4549,554,1901,2648,14862,2683,259,1319,1364,9522,864,125,275,589,3821,744,146,216,528,2194,149,18,66,83,1540,109,6,25,84,990,591,399,524,215,164,66,13,8,3
05-21-2020,91885,58667,6689,1792,1063,12,6689,2736,1860,1110,464,290,229,3867,1832,1705,127,16,0,6,0,2,1,1,0,3,3,0,0,16,2,2,0,0,0,0,0,1,1,10,0,227,29,80,13,8,78,0,19,0,49,7,2,0,10,0,0,16,3,0,0,10,1,0,32088,4393,532,1831,2562,14912,2541,250,1253,1288,9565,850,124,273,577,3842,742,140,216,526,2225,168,15,66,102,1544,92,3,23,69,990,591,399,524,215,164,66,13,8,0
05-22-2020,93549,59673,6697,1664,1006,8,6697,2738,1862,1113,464,290,230,3939,1768,1652,116,15,0,6,0,2,0,1,0,3,3,0,0,12,0,2,0,0,0,0,0,1,1,8,0,219,22,80,13,8,78,0,18,0,47,7,2,0,10,0,0,16,1,0,0,11,0,0,32310,3961,460,1637,2324,15050,2191,209,1096,1095,9628,802,105,251,551,3853,710,126,203,507,2233,172,15,66,106,1546,86,5,21,65,993,593,400,526,215,165,66,13,8,3
05-23-2020,94657,60232,6701,1108,559,4,6701,2738,1863,1114,465,290,231,3995,1713,1598,115,15,0,6,0,2,0,1,0,3,3,0,0,14,0,4,0,0,0,0,0,1,0,9,0,217,22,80,11,8,78,0,18,0,44,7,2,0,9,0,0,14,0,0,0,12,0,0,32421,3771,438,1545,2226,15074,2123,199,1065,1058,9703,745,96,212,533,3861,685,126,198,487,2237,144,13,52,92,1546,74,4,18,56,994,594,400,526,216,165,66,13,8,1
05-24-2020,95715,60949,6714,1058,717,13,6714,2740,1869,1116,468,290,231,4028,1692,1578,114,13,0,4,0,2,0,1,0,3,3,0,0,16,0,4,0,0,0,0,0,1,0,11,0,217,22,80,11,9,78,0,17,0,43,7,2,0,8,0,0,15,0,0,0,11,0,0,32550,3649,426,1476,2173,15116,2028,193,1028,1000,9752,712,93,190,522,3876,678,121,189,489,2260,162,15,54,108,1546,69,4,15,54,995,594,401,527,216,165,66,13,8,1
05-25-2020,96270,61347,6716,555,398,2,6716,2740,1870,1116,469,290,231,4059,1662,1554,108,13,0,4,0,2,0,1,0,3,3,0,0,11,0,4,0,0,0,0,0,0,0,7,0,199,22,80,11,9,60,0,17,0,42,9,2,0,8,0,0,15,0,0,0,8,0,0,32628,3623,410,1475,2148,15134,2020,188,1023,997,9802,717,86,199,518,3876,661,118,186,475,2270,163,14,52,111,1546,62,4,15,47,996,594,402,527,217,165,66,13,8,1
05-26-2020,97285,61923,6718,1015,576,2,6718,2740,1870,1117,469,290,232,4147,1575,1468,107,13,0,4,0,2,0,1,0,3,3,0,0,12,0,5,0,0,0,0,0,0,0,7,0,199,22,80,11,9,60,0,17,0,40,8,2,0,8,0,0,12,0,0,0,9,1,0,32971,3582,371,1412,2170,15312,2048,176,1016,1032,9920,664,72,167,497,3888,631,106,172,459,2297,178,13,48,130,1554,61,4,9,52,996,594,402,527,217,165,66,13,8,0
05-27-2020,98535,62815,6718,1250,892,0,6718,2740,1870,1117,469,290,232,4272,1450,1347,103,13,0,4,0,2,0,1,0,3,3,0,0,14,0,5,0,0,0,0,0,0,0,9,0,191,19,74,11,11,60,0,16,0,37,8,1,0,7,0,0,12,0,0,0,9,0,0,33114,3335,345,1287,2048,15409,1899,162,924,975,9951,638,66,153,485,3892,557,100,153,404,2300,177,13,48,129,1562,64,4,9,55,997,595,402,527,217,166,66,13,8,1
05-28-2020,100110,63611,6719,1575,796,1,6719,2740,1870,1118,469,290,232,4376,1346,1254,92,13,0,4,0,2,0,1,0,3,3,0,0,11,2,2,0,0,0,0,0,0,0,7,0,191,19,74,10,13,60,0,15,0,28,6,1,0,8,0,0,5,0,0,0,8,0,0,33228,3073,320,1183,1890,15467,1695,151,834,861,9992,639,62,153,486,3900,509,90,138,371,2301,173,13,48,125,1568,57,4,10,47,997,595,402,527,217,166,66,13,8,0
05-29-2020,101389,64361,6723,1279,750,4,6723,2741,1870,1121,469,290,232,4385,1341,1263,78,9,0,3,0,2,1,0,0,0,3,0,0,10,2,0,0,0,0,0,0,0,0,8,0,188,19,74,10,13,60,0,12,0,22,6,2,0,8,0,0,0,0,0,0,6,0,0,33471,2879,289,1090,1789,15615,1601,143,783,818,10059,578,54,127,451,3918,475,76,122,353,2305,169,12,48,121,1574,56,4,10,46,987,591,396,522,215,164,65,13,8,1
05-30-2020,102484,64947,6727,1095,586,4,6727,2744,1871,1121,469,290,232,4393,1347,1272,75,9,0,3,0,2,1,0,0,0,3,0,0,10,2,0,0,0,0,0,0,0,0,8,0,150,14,42,10,12,60,0,12,0,24,6,1,0,9,0,0,0,0,0,0,8,0,0,33549,2698,276,1029,1669,15665,1543,141,753,790,10077,523,52,117,406,3927,450,73,120,330,2305,129,6,28,101,1575,53,4,11,42,987,591,396,522,215,164,65,13,8,0
05-31-2020,103634,65617,6730,1150,670,3,6730,2745,1872,1122,469,290,232,4405,1338,1267,71,9,0,3,0,2,1,0,0,0,3,0,0,8,2,0,0,0,0,0,0,0,0,6,0,137,14,42,10,11,48,0,12,0,23,6,1,0,9,0,0,0,0,0,0,7,0,0,33663,2541,256,959,1582,15751,1447,135,697,750,10097,490,47,110,380,3934,437,66,115,322,2305,115,4,27,88,1576,52,4,10,42,987,591,396,522,215,164,65,13,8,0
06-01-2020,103994,65848,6730,360,231,0,6730,2745,1872,1122,469,290,232,4416,1327,1255,72,9,0,3,0,2,1,0,0,0,3,0,0,9,2,0,0,0,0,0,0,0,0,7,0,137,14,42,10,11,48,0,12,0,23,6,1,0,9,0,0,0,0,0,0,7,0,0,33689,2469,243,937,1532,15762,1407,127,678,729,10097,469,44,107,362,3942,432,65,115,317,2310,111,4,27,84,1578,50,3,10,40,987,591,396,522,215,164,65,13,8,0
06-02-2020,104968,66434,6734,974,586,4,6734,2745,1872,1123,469,290,235,4421,1326,1257,69,9,0,3,0,2,1,0,0,0,3,0,0,10,1,0,0,0,0,0,0,0,0,9,0,128,14,34,10,10,48,0,12,0,20,5,1,0,9,0,0,0,0,0,0,5,0,0,33881,2340,242,871,1469,15914,1310,127,618,692,10113,445,42,104,341,3953,431,66,114,317,2312,107,4,27,80,1589,47,3,8,39,987,591,396,522,215,164,65,13,8,0
06-03-2020,105679,66805,6735,711,371,1,6735,2745,1872,1123,470,290,235,4438,1310,1245,65,8,0,3,0,2,1,0,0,0,2,0,0,8,1,0,0,0,0,0,0,0,0,7,0,128,14,34,10,10,48,0,12,0,19,5,1,0,7,0,0,0,0,0,0,6,0,0,33941,2165,227,786,1379,15951,1176,112,536,640,10124,421,42,102,319,3962,428,66,115,313,2315,95,4,25,70,1589,45,3,8,37,988,592,396,522,215,165,65,13,8,1
06-04-2020,110077,67429,6738,916,624,3,6738,2748,1872,1123,470,290,235,4447,1303,1246,57,5,0,3,0,1,1,0,0,0,0,0,0,7,0,0,0,0,0,0,0,0,0,7,0,116,11,30,10,8,48,0,9,0,20,6,1,0,7,0,0,0,0,0,0,6,0,0,34114,1979,211,723,1256,16036,1053,103,491,562,10200,393,37,87,306,3963,401,64,112,289,2323,96,4,25,71,1592,36,3,8,28,989,592,397,522,215,166,65,13,8,1
06-05-2020,111431,68197,6740,1354,768,2,6740,2749,1872,1124,470,290,235,4458,1293,1238,55,5,0,3,0,1,1,0,0,0,0,0,0,6,0,0,0,0,0,0,0,0,0,6,0,114,11,30,9,8,48,0,8,0,20,7,1,0,7,0,0,0,0,0,0,5,0,0,34337,1959,197,689,1270,16244,1096,90,469,627,10205,369,37,81,288,3971,383,64,107,276,2323,77,3,25,52,1594,34,3,7,27,991,593,398,524,215,166,65,13,8,2
06-06-2020,112740,68775,6742,1309,578,2,6742,2751,1872,1124,470,290,235,4556,1195,1146,49,3,0,2,0,1,0,0,0,0,0,0,0,5,0,0,0,0,0,0,0,0,0,5,0,107,11,22,10,8,48,0,8,0,17,6,0,0,6,0,0,0,0,0,0,5,0,0,34478,1686,166,591,1095,16333,900,77,392,508,10238,349,35,76,273,3980,344,50,97,247,2329,58,1,19,39,1598,35,3,7,28,991,593,398,524,215,166,65,13,8,0
06-07-2020,113729,69376,6745,989,601,3,6745,2751,1872,1127,470,290,235,4595,1159,1116,43,2,0,2,0,0,0,0,0,0,0,0,0,1,0,0,0,0,0,0,0,0,0,1,0,99,11,22,10,8,40,0,8,0,16,6,0,0,6,0,0,0,0,0,0,4,0,0,34512,1592,154,557,1035,16345,866,75,379,487,10242,324,35,73,251,3988,306,41,80,226,2339,68,1,19,49,1598,28,2,6,22,991,593,398,524,215,166,65,13,8,0
06-08-2020,114310,69736,6747,581,360,2,6747,2752,1873,1127,470,290,235,4681,1075,1032,43,2,0,2,0,0,0,0,0,0,0,0,0,1,0,0,0,0,0,0,0,0,0,1,0,96,11,19,10,8,40,0,8,0,16,6,0,0,6,0,0,0,0,0,0,4,0,0,34523,1507,144,536,971,16350,823,70,359,464,10245,289,30,71,218,3990,301,41,81,220,2339,65,1,19,46,1599,29,2,6,23,992,593,399,525,215,166,65,13,8,1
06-09-2020,115510,70335,6747,1200,599,0,6747,2752,1873,1127,470,290,235,4763,992,960,32,0,0,0,0,0,0,0,0,0,0,0,0,1,0,0,0,0,0,0,0,0,0,1,0,78,3,19,0,8,40,0,8,0,15,5,0,0,6,0,0,0,0,0,0,4,0,0,34763,1335,125,435,900,16526,674,58,270,404,10302,291,30,69,222,3995,284,35,73,211,2339,60,1,18,42,1601,26,1,5,21,992,593,399,525,215,166,65,13,8,0
06-10-2020,116320,70837,6750,810,502,3,6750,2754,1873,1128,470,290,235,4811,947,918,29,0,0,0,0,0,0,0,0,0,0,0,0,1,0,0,0,0,0,0,0,0,0,1,0,78,3,19,0,8,40,0,8,0,12,4,0,0,6,0,0,0,0,0,0,2,0,0,34855,1285,119,422,863,16569,641,54,266,375,10341,282,29,65,217,4005,279,34,69,210,2339,59,1,17,42,1601,24,1,5,19,992,593,399,525,215,166,65,13,8,0
06-11-2020,117720,71531,6751,1400,694,1,6751,2754,1873,1129,470,290,235,4857,902,876,26,0,0,0,0,0,0,0,0,0,0,0,0,1,0,0,0,0,0,0,0,0,0,1,0,76,3,19,0,6,40,0,8,0,11,4,0,0,5,0,0,0,0,0,0,2,0,0,34939,1209,102,404,805,16624,606,48,268,338,10362,257,26,52,205,4011,265,26,62,203,2340,59,1,17,42,1602,22,1,5,17,993,594,399,526,215,166,65,13,8,1
06-12-2020,119045,72169,6752,1325,638,1,6752,2754,1873,1130,470,290,235,5009,750,728,22,0,0,0,0,0,0,0,0,0,0,0,0,1,0,0,0,0,0,0,0,0,0,1,0,72,2,19,0,5,40,0,6,0,10,3,0,0,5,0,0,0,0,0,0,2,0,0,35085,1055,75,325,730,16677,499,31,210,289,10449,246,23,43,203,4015,235,19,51,184,2340,53,1,16,37,1604,22,1,5,17,993,594,399,526,215,166,65,13,8,0
06-13-2020,120308,72713,6754,1263,544,2,6754,2754,1874,1131,470,290,235,5084,677,655,22,0,0,0,0,0,0,0,0,0,0,0,0,1,0,0,0,0,0,0,0,0,0,1,0,67,2,16,0,4,40,0,5,0,12,3,0,0,6,0,0,0,0,0,0,3,0,0,35121,1012,74,312,700,16694,485,29,203,282,10459,240,24,42,198,4023,221,19,48,173,2340,44,1,14,30,1605,22,1,5,17,993,594,399,526,215,166,65,13,8,0
06-14-2020,121354,73298,6758,1046,585,4,6758,2754,1875,1133,471,290,235,5139,626,605,21,0,0,0,0,0,0,0,0,0,0,0,0,1,0,0,0,0,0,0,0,0,0,1,0,62,2,16,0,4,35,0,5,0,11,3,0,0,6,0,0,0,0,0,0,2,0,0,35132,946,70,280,666,16696,448,28,183,265,10459,232,24,42,190,4025,198,16,36,162,2340,44,1,14,30,1612,24,1,5,19,993,594,399,526,215,166,65,13,8,0
06-15-2020,121620,73564,6762,266,266,4,6762,2755,1875,1136,471,290,235,5152,617,599,18,0,0,0,0,0,0,0,0,0,0,0,0,1,0,0,0,0,0,0,0,0,0,1,0,58,0,16,0,3,35,0,4,0,10,2,0,0,5,0,0,0,0,0,0,3,0,0,35236,965,81,270,695,16737,425,25,174,251,10483,247,26,43,204,4057,224,26,34,190,2346,45,3,14,31,1613,24,1,5,19,994,594,400,527,215,166,65,13,8,1
06-16-2020,122650,74194,6763,1030,630,1,6763,2756,1875,1136,471,290,235,5168,601,582,19,0,0,0,0,0,0,0,0,0,0,0,0,1,0,0,0,0,0,0,0,0,0,1,0,58,0,16,0,3,35,0,4,0,11,2,0,0,4,0,0,0,0,0,0,5,0,0,35290,933,83,265,668,16762,415,25,176,239,10505,232,27,41,191,4062,221,26,30,191,2348,42,4,14,28,1613,23,1,4,19,994,594,400,527,215,166,65,13,8,0
06-17-2020,123770,74827,6764,1120,633,1,6764,2756,1875,1137,471,290,235,5185,586,565,21,0,0,0,0,0,0,0,0,0,0,0,0,1,0,0,0,0,0,0,0,0,0,1,0,58,0,16,0,3,35,0,4,0,13,2,0,0,6,0,0,0,0,0,0,5,0,0,35400,877,79,248,629,16835,400,25,168,232,10535,207,24,34,173,4065,212,25,30,182,2351,37,4,12,25,1614,21,1,4,17,994,594,400,527,215,166,65,13,8,0
06-18-2020,125339,75604,6768,1569,777,4,6768,2756,1875,1141,471,290,235,5197,577,558,19,0,0,0,0,0,0,0,0,0,0,0,0,2,0,0,0,0,0,0,0,0,0,2,0,44,0,4,0,2,35,0,3,0,12,2,0,0,6,0,0,0,0,0,0,4,0,0,35545,884,80,241,643,16920,396,25,164,232,10576,218,25,33,185,4073,204,25,29,175,2358,43,4,11,32,1618,23,1,4,19,994,594,400,527,215,166,65,13,8,0
06-19-2020,126380,76228,6768,1041,624,0,6768,2756,1875,1141,471,290,235,5214,560,546,14,0,0,0,0,0,0,0,0,0,0,0,0,2,0,0,0,0,0,0,0,0,0,2,0,40,0,0,0,1,37,0,2,0,9,2,0,0,6,0,0,0,0,0,0,1,0,0,35645,849,68,224,625,16971,376,24,147,229,10618,215,23,33,182,4080,197,16,29,168,2358,38,4,11,27,1618,23,1,4,19,994,594,400,527,215,166,65,13,8,0
06-20-2020,127450,76777,6768,1070,549,0,6768,2756,1875,1141,471,290,235,5235,539,526,13,0,0,0,0,0,0,0,0,0,0,0,0,2,0,0,0,0,0,0,0,0,0,2,0,40,0,0,0,1,37,0,2,0,8,2,0,0,6,0,0,0,0,0,0,0,0,0,35690,796,63,204,592,17001,333,21,127,206,10624,206,22,32,174,4087,196,15,30,166,2358,38,4,11,27,1620,23,1,4,19,994,594,400,527,215,166,65,13,8,0
06-21-2020,128759,77465,6771,1309,688,3,6771,2756,1875,1144,471,290,235,5247,527,513,14,0,0,0,0,0,0,0,0,0,0,0,0,2,0,0,0,0,0,0,0,0,0,2,0,40,0,0,0,1,37,0,2,0,9,2,0,0,7,0,0,0,0,0,0,0,0,0,35704,753,60,196,557,17001,312,19,118,194,10626,189,22,32,157,4099,196,14,31,165,2358,33,4,11,22,1620,23,1,4,19,994,594,400,527,215,166,65,13,8,0
06-22-2020,129281,78060,6774,522,595,3,6774,2756,1875,1146,471,290,236,5275,502,489,13,0,0,0,0,0,0,0,0,0,0,0,0,2,0,0,0,0,0,0,0,0,0,2,0,40,0,0,0,1,38,0,1,0,9,2,0,0,7,0,0,0,0,0,0,0,0,0,35707,712,57,191,521,17002,293,18,113,180,10626,176,21,32,144,4101,191,13,31,160,2358,32,4,11,21,1620,20,1,4,16,994,594,400,527,215,166,65,13,8,0
06-23-2020,130121,78583,6775,840,523,1,6775,2757,1875,1146,471,290,236,5288,493,482,11,0,0,0,0,0,0,0,0,0,0,0,0,2,0,0,0,0,0,0,0,0,0,2,0,40,0,0,0,1,38,0,1,0,7,1,0,0,6,0,0,0,0,0,0,0,0,0,35911,750,53,192,558,17159,320,15,120,200,10653,182,21,31,151,4110,190,11,28,162,2368,37,4,9,28,1621,21,2,4,17,994,594,400,527,215,166,65,13,8,0
06-24-2020,131622,79407,6778,1501,824,3,6778,2757,1875,1149,471,290,236,5314,470,459,11,0,0,0,0,0,0,0,0,0,0,0,0,2,0,0,0,0,0,0,0,0,0,2,0,20,0,0,0,1,18,0,1,0,7,1,0,0,6,0,0,0,0,0,0,0,0,0,35954,748,50,194,554,17176,318,14,123,195,10669,180,20,31,149,4117,193,11,28,165,2369,36,4,9,27,1623,21,2,3,18,994,594,400,527,215,166,65,13,8,0
06-25-2020,133007,80229,6781,1385,822,3,6781,2757,1875,1152,471,290,236,5330,460,450,10,0,0,0,0,0,0,0,0,0,0,0,0,2,0,0,0,0,0,0,0,0,0,2,0,19,0,0,0,1,18,0,0,0,7,1,0,0,6,0,0,0,0,0,0,0,0,0,36093,711,40,184,527,17302,308,14,118,190,10674,175,16,29,146,4123,175,8,26,149,2370,33,1,9,24,1624,20,1,2,18,991,593,398,525,214,166,65,13,8,0
06-26-2020,133947,80847,6783,940,618,2,6783,2757,1875,1154,471,290,236,5385,407,397,10,0,0,0,0,0,0,0,0,0,0,0,0,2,0,0,0,0,0,0,0,0,0,2,0,7,0,0,0,0,7,0,0,0,8,2,0,0,6,0,0,0,0,0,0,0,0,0,36174,636,34,155,481,17332,254,11,93,161,10714,168,13,27,141,4127,160,8,24,136,2374,37,1,9,28,1627,17,1,2,15,991,593,398,525,214,166,65,13,8,0
06-27-2020,135122,81511,6785,1175,664,2,6785,2757,1875,1154,473,290,236,5437,357,348,9,0,0,0,0,0,0,0,0,0,0,0,0,2,0,0,0,0,0,0,0,0,0,2,0,7,0,0,0,0,7,0,0,0,7,2,0,0,5,0,0,0,0,0,0,0,0,0,36281,585,30,127,458,17407,204,10,69,135,10731,172,12,27,145,4140,159,7,23,136,2376,33,0,6,27,1627,17,1,2,15,991,593,398,525,214,166,65,13,8,0
06-28-2020,136117,82147,6785,995,636,0,6785,2757,1875,1154,473,290,236,5474,320,311,9,0,0,0,0,0,0,0,0,0,0,0,0,1,0,0,0,0,0,0,0,0,0,1,0,7,0,0,0,0,7,0,0,0,8,2,0,0,6,0,0,0,0,0,0,0,0,0,36287,559,30,119,440,17410,191,10,62,129,10731,169,12,27,142,4143,155,7,22,133,2376,29,0,6,23,1627,15,1,2,13,991,593,398,525,214,166,65,13,8,0
06-29-2020,136385,82326,6785,268,179,0,6785,2757,1875,1154,473,290,236,5520,274,265,9,0,0,0,0,0,0,0,0,0,0,0,0,1,0,0,0,0,0,0,0,0,0,1,0,7,0,0,0,0,7,0,0,0,8,2,0,0,6,0,0,0,0,0,0,0,0,0,36295,533,30,117,416,17418,191,10,60,131,10731,152,12,27,125,4143,149,7,22,127,2376,28,0,6,22,1627,13,1,2,11,991,593,398,525,214,166,65,13,8,0
06-30-2020,137340,82950,6785,955,624,0,6785,2757,1875,1154,473,290,236,5528,266,258,8,0,0,0,0,0,0,0,0,0,0,0,0,0,0,0,0,0,0,0,0,0,0,0,0,7,0,0,0,0,7,0,0,0,8,2,0,0,6,0,0,0,0,0,0,0,0,0,36420,531,26,114,417,17500,175,9,60,115,10755,156,9,24,132,4154,153,7,22,131,2379,31,0,6,25,1632,16,1,2,14,991,593,398,525,214,166,65,13,8,0
07-01-2020,138550,83726,6786,1210,776,1,6786,2758,1875,1154,473,290,236,5551,248,240,8,0,0,0,0,0,0,0,0,0,0,0,0,0,0,0,0,0,0,0,0,0,0,0,0,7,0,0,0,0,7,0,0,0,8,2,0,0,6,0,0,0,0,0,0,0,0,0,36533,467,24,98,369,17576,154,9,54,100,10786,118,7,17,101,4156,148,7,19,129,2379,28,0,6,22,1636,19,1,2,17,987,589,398,523,214,164,65,13,8,0
07-02-2020,139893,84572,6789,1343,846,3,6789,2759,1876,1155,473,290,236,5564,238,230,8,0,0,0,0,0,0,0,0,0,0,0,0,0,0,0,0,0,0,0,0,0,0,0,0,7,0,0,0,0,7,0,0,0,8,2,0,0,6,0,0,0,0,0,0,0,0,0,36643,490,19,90,400,17633,167,9,49,118,10829,123,4,15,108,4159,147,5,18,129,2380,28,0,6,22,1642,25,1,2,23,987,589,398,523,214,164,65,13,8,0
07-03-2020,140965,85256,6789,1072,684,0,6789,2759,1876,1155,473,290,236,5575,227,221,6,0,0,0,0,0,0,0,0,0,0,0,0,0,0,0,0,0,0,0,0,0,0,0,0,7,0,0,0,0,7,0,0,0,6,2,0,0,4,0,0,0,0,0,0,0,0,0,36707,472,20,84,388,17670,163,10,45,118,10846,125,4,15,110,4166,130,6,16,114,2381,29,0,6,23,1644,25,0,2,23,987,589,398,523,214,164,65,13,8,0
07-04-2020,142031,85913,6789,1066,657,0,6789,2759,1876,1155,473,290,236,5599,203,198,5,0,0,0,0,0,0,0,0,0,0,0,0,0,0,0,0,0,0,0,0,0,0,0,0,2,0,0,0,0,2,0,0,0,5,1,0,0,4,0,0,0,0,0,0,0,0,0,36762,429,17,78,351,17705,141,8,43,98,10848,125,4,15,110,4177,108,5,13,95,2384,26,0,5,21,1648,29,0,2,27,987,589,398,523,214,164,65,13,8,0
07-05-2020,143029,86515,6790,998,602,1,6790,2759,1877,1155,473,290,236,5609,194,189,5,0,0,0,0,0,0,0,0,0,0,0,0,0,0,0,0,0,0,0,0,0,0,0,0,2,0,0,0,0,2,0,0,0,5,1,0,0,4,0,0,0,0,0,0,0,0,0,36769,409,15,74,335,17706,128,8,40,88,10853,126,4,15,111,4178,104,3,12,92,2384,22,0,5,17,1648,29,0,2,27,987,589,398,523,214,164,65,13,8,0
07-06-2020,143299,86700,6790,270,185,0,6790,2759,1877,1155,473,290,236,5614,189,184,5,0,0,0,0,0,0,0,0,0,0,0,0,0,0,0,0,0,0,0,0,0,0,0,0,2,0,0,0,0,2,0,0,0,5,1,0,0,4,0,0,0,0,0,0,0,0,0,36784,404,16,73,331,17712,126,7,39,87,10861,127,6,15,112,4179,103,3,12,91,2384,21,0,5,16,1648,27,0,2,25,987,589,398,523,214,164,65,13,8,0
07-07-2020,144089,87246,6791,790,546,1,6791,2760,1877,1155,473,290,236,5619,185,180,5,0,0,0,0,0,0,0,0,0,0,0,0,0,0,0,0,0,0,0,0,0,0,0,0,2,0,0,0,0,2,0,0,0,5,1,0,0,4,0,0,0,0,0,0,0,0,0,36889,425,16,74,351,17780,127,6,41,86,10880,130,7,14,116,4184,108,3,12,96,2397,34,0,5,29,1648,26,0,2,24,987,589,398,523,214,164,65,13,8,0
07-08-2020,145099,87842,6794,1010,596,3,6794,2761,1877,1155,473,292,236,5623,184,179,5,0,0,0,0,0,0,0,0,0,0,0,0,0,0,0,0,0,0,0,0,0,0,0,0,2,0,0,0,0,2,0,0,0,5,1,0,0,4,0,0,0,0,0,0,0,0,0,36920,456,16,75,381,17788,135,6,42,93,10888,138,7,14,124,4190,114,3,12,102,2401,38,0,5,33,1653,31,0,2,29,987,589,398,523,214,164,65,13,8,0
07-09-2020,146278,88502,6798,1179,660,4,6798,2762,1878,1157,473,292,236,5638,173,168,5,0,0,0,0,0,0,0,0,0,0,0,0,0,0,0,0,0,0,0,0,0,0,0,0,2,0,0,0,0,2,0,0,0,5,1,0,0,4,0,0,0,0,0,0,0,0,0,36972,491,13,58,433,17794,130,4,31,99,10908,156,6,12,144,4206,130,3,12,118,2404,39,0,3,36,1660,36,0,0,36,987,589,398,523,214,164,65,13,8,0
07-10-2020,147083,88956,6799,805,454,1,6799,2762,1878,1157,473,293,236,5644,168,164,4,0,0,0,0,0,0,0,0,0,0,0,0,0,0,0,0,0,0,0,0,0,0,0,0,2,0,0,0,0,2,0,0,0,4,1,0,0,3,0,0,0,0,0,0,0,0,0,37218,530,14,58,472,17972,145,4,31,114,10947,176,6,12,164,4216,127,3,12,115,2402,32,0,3,29,1681,50,1,0,50,987,589,398,523,214,164,65,13,8,0
07-11-2020,148103,89561,6803,1020,605,4,6803,2764,1879,1157,473,293,237,5647,169,165,4,0,0,0,0,0,0,0,0,0,0,0,0,0,0,0,0,0,0,0,0,0,0,0,0,2,0,0,0,0,2,0,0,0,4,0,0,0,3,0,0,0,0,0,0,1,0,0,37275,538,15,60,478,17993,153,4,31,122,10967,179,7,13,166,4222,122,3,12,110,2408,35,0,3,32,1685,49,1,1,48,987,589,398,523,214,164,65,13,8,0
07-12-2020,149154,90191,6804,1061,630,1,6804,2764,1879,1158,473,293,237,5650,167,163,4,0,0,0,0,0,0,0,0,0,0,0,0,0,0,0,0,0,0,0,0,0,0,0,0,2,0,0,0,0,2,0,0,0,4,0,0,0,3,0,0,0,0,0,0,1,0,0,37300,518,15,63,455,18009,159,5,36,123,10968,167,7,13,154,4226,114,2,10,104,2410,35,0,3,32,1687,43,1,1,42,987,589,398,523,214,164,65,13,8,0
07-13-2020,149515,90393,6804,361,202,0,6804,2764,1879,1158,473,293,237,5658,159,155,4,0,0,0,0,0,0,0,0,0,0,0,0,0,0,0,0,0,0,0,0,0,0,0,0,2,0,0,0,0,2,0,0,0,4,0,0,0,3,0,0,0,0,0,0,1,0,0,37309,488,15,60,428,18011,145,4,36,109,10969,160,8,11,149,4232,115,2,10,105,2410,29,0,2,27,1687,39,1,1,38,987,589,398,523,214,164,65,13,8,0
07-14-2020,150309,90950,6805,794,557,1,6805,2764,1879,1158,473,294,237,5658,160,156,4,0,0,0,0,0,0,0,0,0,0,0,0,0,0,0,0,0,0,0,0,0,0,0,0,2,0,0,0,0,2,0,0,0,4,0,0,0,3,0,0,0,0,0,0,1,0,0,37464,519,15,60,459,18135,159,6,36,123,10982,166,6,11,155,4242,123,2,10,113,2414,30,0,2,28,1691,41,1,1,40,987,589,398,523,214,164,65,13,8,0
07-15-2020,151628,91580,6805,1319,630,0,6805,2764,1879,1158,473,294,237,5661,157,153,4,1,1,0,0,0,0,0,0,0,0,0,0,0,0,0,0,0,0,0,0,0,0,0,0,2,0,0,0,0,2,0,0,0,3,0,0,0,3,0,0,0,0,0,0,0,0,0,37603,567,14,61,506,18229,183,5,37,146,11006,179,6,11,168,4253,129,2,10,119,2416,30,0,2,28,1699,46,1,1,45,987,589,398,523,214,164,65,13,8,0
07-16-2020,152848,92199,6806,1220,619,1,6806,2765,1879,1158,473,294,237,5663,156,152,4,1,1,0,0,0,0,0,0,0,0,0,0,0,0,0,0,0,0,0,0,0,0,0,0,2,0,0,0,0,2,0,0,0,3,0,0,0,3,0,0,0,0,0,0,0,0,0,37691,566,13,59,507,18274,175,5,37,138,11034,196,6,11,185,4257,117,1,9,108,2423,30,0,1,29,1703,48,1,1,47,987,589,398,523,214,164,65,13,8,0
07-17-2020,153879,92653,6808,1031,454,2,6808,2767,1879,1158,473,294,237,5667,155,151,4,1,1,0,0,0,0,0,0,0,0,0,0,0,0,0,0,0,0,0,0,0,0,0,0,2,0,0,0,0,2,0,0,0,3,0,0,0,3,0,0,0,0,0,0,0,0,0,37744,551,9,61,490,18300,182,5,43,139,11045,178,2,8,170,4268,116,1,8,108,2425,32,0,1,31,1706,43,1,1,42,987,589,398,523,214,164,65,13,8,0
07-18-2020,154887,93195,6811,1008,542,3,6811,2768,1880,1158,474,294,237,5670,155,152,3,1,1,0,0,0,0,0,0,0,0,0,0,0,0,0,0,0,0,0,0,0,0,0,0,2,0,0,0,0,2,0,0,0,2,0,0,0,2,0,0,0,0,0,0,0,0,0,37852,618,19,61,557,18330,189,5,46,143,11086,214,12,8,206,4279,117,1,6,111,2441,45,0,0,45,1716,53,1,1,52,987,589,398,523,214,164,65,13,8,0
07-19-2020,155851,93692,6811,964,497,0,6811,2768,1880,1158,474,294,237,5674,150,147,3,1,1,0,0,0,0,0,0,0,0,0,0,0,0,0,0,0,0,0,0,0,0,0,0,2,0,0,0,0,2,0,0,0,2,0,0,0,2,0,0,0,0,0,0,0,0,0,37865,582,26,62,520,18330,174,4,46,128,11099,214,20,9,205,4279,101,1,6,95,2441,42,0,0,42,1716,51,1,1,50,987,589,398,523,214,164,65,13,8,0
07-20-2020,156150,93877,6811,299,185,0,6811,2768,1880,1158,474,294,237,5678,146,143,3,1,1,0,0,0,0,0,0,0,0,0,0,0,0,0,0,0,0,0,0,0,0,0,0,2,0,0,0,0,2,0,0,0,2,0,0,0,2,0,0,0,0,0,0,0,0,0,37868,515,26,61,454,18333,156,4,45,111,11100,194,20,9,185,4277,95,1,6,89,2442,30,0,0,30,1716,40,1,1,39,987,589,398,523,214,164,65,13,8,0
07-21-2020,157262,94527,6813,1112,650,2,6813,2768,1882,1158,474,294,237,5682,144,141,3,1,1,0,0,0,0,0,0,0,0,0,0,0,0,0,0,0,0,0,0,0,0,0,0,2,0,0,0,0,2,0,0,0,2,0,0,0,2,0,0,0,0,0,0,0,0,0,37951,496,22,67,429,18390,164,3,51,113,11113,176,19,9,167,4283,85,0,6,79,2447,34,0,0,34,1718,37,0,1,36,987,589,398,523,214,164,65,13,8,0
07-22-2020,158397,95198,6814,1135,671,1,6814,2768,1883,1158,474,294,237,5687,140,137,3,1,1,0,0,0,0,0,0,0,0,0,0,0,0,0,0,0,0,0,0,0,0,0,0,2,0,0,0,0,2,0,0,0,2,0,0,0,1,0,0,0,0,0,0,0,1,0,38071,556,23,82,474,18470,215,4,64,151,11134,184,19,11,173,4296,86,0,6,80,2447,32,0,0,32,1724,39,0,1,38,987,589,398,523,214,164,65,13,8,0
07-23-2020,159476,95858,6815,1079,660,1,6815,2768,1883,1158,475,294,237,5691,137,134,3,1,1,0,0,0,0,0,0,0,0,0,0,0,0,0,0,0,0,0,0,0,0,0,0,2,0,0,0,0,2,0,0,0,2,0,0,0,1,0,0,0,0,0,0,0,1,0,38187,572,30,77,495,18544,210,10,59,151,11157,198,20,11,187,4312,99,0,6,93,2450,32,0,0,32,1724,33,0,1,32,987,589,398,523,214,164,65,13,8,0
07-24-2020,160592,96414,6816,1116,556,1,6816,2769,1883,1158,475,294,237,5697,132,129,3,1,1,0,0,0,0,0,0,0,0,0,0,0,0,0,0,0,0,0,0,0,0,0,0,2,0,0,0,0,2,0,0,0,2,0,0,0,1,0,0,0,0,0,0,0,1,0,38278,568,23,71,497,18596,211,3,54,157,11181,203,20,11,192,4320,85,0,5,80,2451,34,0,0,34,1730,35,0,1,34,987,589,398,523,214,164,65,13,8,0
07-25-2020,161615,96918,6818,1023,504,2,6818,2771,1883,1158,475,294,237,5702,129,125,4,1,1,0,0,0,0,0,0,0,0,0,0,0,0,0,0,0,0,0,0,0,0,0,0,2,0,0,0,0,2,0,0,0,3,0,0,0,1,0,0,0,0,0,0,1,1,0,38400,642,24,78,564,18661,241,4,61,180,11206,216,20,10,206,4341,106,0,6,100,2461,44,0,0,44,1731,35,0,1,34,987,589,398,523,214,164,65,13,8,0
07-26-2020,162553,97446,6825,938,528,7,6825,2777,1883,1158,475,294,238,5716,122,118,4,1,1,0,0,0,0,0,0,0,0,0,0,0,0,0,0,0,0,0,0,0,0,0,0,2,0,0,0,0,2,0,0,0,3,0,0,0,1,0,0,0,0,0,0,1,1,0,38466,670,28,75,595,18703,264,6,58,206,11218,216,20,10,206,4350,113,1,6,107,2464,46,1,0,46,1731,31,0,1,30,987,589,398,523,214,164,65,13,8,0
07-27-2020,162840,97635,6827,287,189,2,6827,2779,1883,1158,475,294,238,5728,112,107,5,0,0,0,0,0,0,0,0,0,0,0,0,0,0,0,0,0,0,0,0,0,0,0,0,2,0,0,0,0,2,0,0,0,5,0,0,0,1,0,0,0,0,0,0,3,1,0,38545,707,29,75,632,18779,320,8,58,262,11219,209,19,10,199,4352,104,1,6,98,2464,44,1,0,44,1731,30,0,1,29,987,589,398,523,214,164,65,13,8,0
07-28-2020,163868,98242,6838,1028,607,11,6838,2783,1883,1162,476,296,238,5731,120,116,4,0,0,0,0,0,0,0,0,0,0,0,0,0,0,0,0,0,0,0,0,0,0,0,0,2,0,0,0,0,2,0,0,0,4,0,0,0,1,0,0,0,0,0,0,2,1,0,38802,904,30,105,799,18913,425,13,84,341,11287,261,13,14,247,4385,129,2,6,123,2479,58,2,0,58,1738,31,0,1,30,987,589,398,523,214,164,65,13,8,0
07-29-2020,165056,98940,6855,1188,698,17,6855,2794,1886,1162,476,299,238,5738,130,125,5,0,0,0,0,0,0,0,0,0,0,0,0,0,0,0,0,0,0,0,0,0,0,0,0,2,0,0,0,0,2,0,0,0,5,0,0,0,1,0,0,0,0,0,0,3,1,0,38919,951,31,105,846,18964,448,19,83,365,11313,267,8,13,254,4407,144,2,4,140,2485,53,2,0,53,1750,39,0,5,34,987,589,398,523,214,164,65,13,8,0
07-30-2020,166234,99696,6863,1178,756,8,6863,2799,1886,1165,476,299,238,5746,130,124,6,0,0,0,0,0,0,0,0,0,0,0,0,0,0,0,0,0,0,0,0,0,0,0,0,2,0,0,0,0,2,0,0,0,6,0,0,0,1,0,0,0,0,0,0,4,1,0,39050,997,27,103,894,19006,436,15,82,354,11357,297,7,13,284,4430,157,3,4,153,2495,60,2,0,60,1762,47,0,4,43,987,589,398,523,214,164,65,13,8,0
07-31-2020,167216,100200,6884,1012,504,21,6884,2814,1892,1165,476,299,238,5750,147,141,6,0,0,0,0,0,0,0,0,0,0,0,0,0,0,0,0,0,0,0,0,0,0,0,0,1,0,0,0,0,1,0,0,0,6,0,0,0,1,0,0,0,0,0,0,4,1,0,39176,1031,26,99,932,19064,430,12,78,352,11395,322,8,15,307,4448,172,3,3,169,2500,57,2,0,57,1769,50,1,3,47,987,589,398,523,214,164,65,13,8,0
08-01-2020,167246,100767,6889,960,567,5,6889,2814,1893,1168,476,299,239,5758,144,136,8,0,0,0,0,0,0,0,0,0,0,0,0,0,0,0,0,0,0,0,0,0,0,0,0,1,0,0,0,0,1,0,0,0,8,0,0,0,2,0,0,0,0,0,0,5,1,0,39352,1034,25,86,948,19160,393,11,64,329,11433,326,8,16,310,4481,202,3,3,199,2505,61,2,0,61,1773,52,1,3,49,987,589,398,523,214,164,65,13,8,0
08-02-2020,169032,101330,6897,826,563,8,6897,2819,1893,1169,478,299,239,5763,147,136,11,0,0,0,0,0,0,0,0,0,0,0,0,0,0,0,0,0,0,0,0,0,0,0,0,1,0,0,0,0,1,0,0,0,11,2,0,0,1,0,0,0,0,0,0,6,2,0,39427,1038,26,84,954,19190,380,11,62,318,11462,337,9,16,321,4495,212,3,3,209,2507,61,2,0,61,1773,48,1,3,45,987,589,398,523,214,164,65,13,8,0
08-03-2020,169125,101386,6897,93,56,0,6897,2819,1893,1169,478,299,239,5770,140,127,13,0,0,0,0,0,0,0,0,0,0,0,0,0,0,0,0,0,0,0,0,0,0,0,0,1,0,0,0,0,1,0,0,0,13,2,0,0,0,0,0,0,0,0,0,9,2,0,39442,980,25,80,900,19200,364,11,58,306,11462,315,8,16,299,4495,188,3,3,185,2509,62,2,0,62,1773,51,1,3,48,987,589,398,523,214,164,65,13,8,0
08-04-2020,170279,101871,6899,1154,485,2,6899,2821,1893,1169,478,299,239,5773,139,124,15,0,0,0,0,0,0,0,0,0,0,0,0,0,0,0,0,0,0,0,0,0,0,0,0,0,0,0,0,0,0,0,0,0,15,3,0,0,0,0,0,0,0,0,0,10,2,0,39640,1095,36,83,1012,19304,422,23,61,361,11499,330,8,16,314,4520,203,3,3,200,2523,72,1,0,72,1794,68,1,3,65,987,589,398,523,214,164,65,13,8,0
08-05-2020,171452,102536,6905,1173,665,6,6905,2822,1896,1169,479,300,239,5781,137,122,15,0,0,0,0,0,0,0,0,0,0,0,0,0,0,0,0,0,0,0,0,0,0,0,0,0,0,0,0,0,0,0,0,0,15,3,0,0,0,0,0,0,0,0,0,9,3,0,39640,1095,36,83,1012,19304,422,23,61,361,11499,330,8,16,314,4520,203,3,3,200,2523,72,1,0,72,1794,68,1,3,65,987,589,398,523,214,164,65,13,8,0
08-06-2020,172676,103309,6914,1224,773,9,6914,2827,1898,1169,479,300,241,5786,141,125,16,0,0,0,0,0,0,0,0,0,0,0,0,0,0,0,0,0,0,0,0,0,0,0,0,0,0,0,0,0,0,0,0,0,16,3,0,0,0,0,0,0,0,0,0,9,4,0,40017,1235,41,129,1106,19449,433,25,102,331,11582,352,11,20,332,4616,277,3,3,274,2565,104,1,1,103,1805,69,1,3,66,987,589,398,523,214,164,65,13,8,0
08-07-2020,173725,103904,6935,1049,595,21,6935,2840,1898,1174,479,301,243,5790,158,145,13,0,0,0,0,0,0,0,0,0,0,0,0,0,0,0,0,0,0,0,0,0,0,0,0,1,0,0,0,0,1,0,0,0,13,2,0,0,0,0,0,0,0,0,0,8,3,0,40213,1323,48,136,1187,19559,496,33,106,390,11615,352,11,21,331,4645,293,3,4,289,2571,103,0,2,101,1823,79,1,3,76,987,589,398,523,214,164,65,13,8,0
08-08-2020,175022,104534,6938,1297,630,3,6938,2842,1898,1174,479,302,243,5795,156,142,14,0,0,0,0,0,0,0,0,0,0,0,0,0,0,0,0,0,0,0,0,0,0,0,0,1,0,0,0,0,1,0,0,0,14,2,0,0,0,0,1,0,0,0,0,8,3,0,40217,1325,48,138,1187,19560,498,33,107,391,11616,354,11,22,332,4645,293,3,4,289,2571,102,0,2,100,1825,78,1,3,75,987,589,398,523,214,164,65,13,8,0
08-09-2020,176282,105247,6954,1260,713,16,6954,2851,1899,1176,480,303,245,5799,168,155,13,0,0,0,0,0,0,0,0,0,0,0,0,0,0,0,0,0,0,0,0,0,0,0,0,2,0,0,0,0,2,0,0,0,13,2,0,0,0,0,0,0,0,0,0,7,4,0,40503,1370,47,144,1226,19704,508,33,107,401,11665,348,12,22,326,4688,307,1,4,303,2585,106,0,2,104,1861,101,1,9,92,987,589,398,523,214,164,65,13,8,0
08-10-2020,176830,105420,6956,548,173,2,6956,2851,1900,1177,480,303,245,5804,165,154,11,0,0,0,0,0,0,0,0,0,0,0,0,0,0,0,0,0,0,0,0,0,0,0,0,2,0,0,0,0,2,0,0,0,11,2,0,0,0,0,0,0,0,0,0,6,3,0,40534,1324,47,147,1177,19723,491,33,111,380,11673,343,12,21,322,4689,296,1,4,292,2585,96,0,2,94,1864,98,1,9,89,987,589,398,523,214,164,65,13,8,0
08-11-2020,177759,106017,6960,929,597,4,6960,2852,1902,1178,480,303,245,5811,162,151,11,0,0,0,0,0,0,0,0,0,0,0,0,0,0,0,0,0,0,0,0,0,0,0,0,2,0,0,0,0,2,0,0,0,11,2,0,0,0,0,0,0,0,0,0,6,3,0,40753,1399,48,160,1239,19804,507,33,117,390,11725,360,12,22,338,4704,299,0,6,293,2595,95,0,3,92,1925,138,3,12,126,987,589,398,523,214,164,65,13,8,0
08-12-2020,178788,106614,6976,1029,597,16,6976,2855,1907,1178,480,310,246,5822,167,157,10,0,0,0,0,0,0,0,0,0,0,0,0,0,0,0,0,0,0,0,0,0,0,0,0,2,0,0,0,0,2,0,0,0,10,2,0,0,0,0,0,0,0,0,0,6,2,0,40838,1390,47,176,1214,19842,510,33,125,385,11743,351,11,27,324,4708,271,0,6,265,2600,90,0,3,87,1945,168,3,15,153,987,589,398,523,214,164,65,13,8,0
08-13-2020,180090,107237,6987,1302,623,11,6987,2860,1908,1179,480,314,246,5831,169,161,8,0,0,0,0,0,0,0,0,0,0,0,0,0,0,0,0,0,0,0,0,0,0,0,0,4,0,0,0,0,4,0,0,0,8,1,0,0,0,0,0,0,0,0,0,4,3,0,40990,1435,47,191,1244,19895,520,31,129,391,11770,343,13,28,315,4726,265,0,8,257,2602,88,0,3,85,1997,219,3,23,196,987,589,398,523,214,164,65,13,8,0
08-14-2020,181370,107918,7019,1280,681,32,7019,2879,1912,1180,480,320,248,5842,190,179,11,1,1,0,0,0,0,0,0,0,0,0,0,0,0,0,0,0,0,0,0,0,0,0,0,4,0,0,0,0,4,0,0,0,10,1,0,0,0,0,0,0,0,0,0,6,3,0,41186,1462,44,195,1267,19979,518,24,129,389,11770,343,13,28,315,4763,279,3,8,271,2612,81,0,3,78,2038,251,3,25,226,987,589,398,523,214,164,65,13,8,0
08-15-2020,182505,108605,7030,1135,687,11,7030,2882,1912,1181,480,327,248,5849,194,180,14,1,1,0,0,0,0,0,0,0,0,0,0,0,0,0,0,0,0,0,0,0,0,0,0,4,0,0,0,0,4,0,0,0,13,0,0,0,0,0,0,0,0,0,0,7,6,0,41339,1406,42,192,1214,20021,493,22,127,366,11843,338,13,29,309,4801,254,3,9,245,2619,85,0,3,82,2055,236,4,24,212,987,589,398,523,214,164,65,13,8,0
08-16-2020,183363,109134,7035,858,529,5,7035,2883,1913,1182,481,328,248,5854,194,181,13,1,1,0,0,0,0,0,0,0,0,0,0,0,0,0,0,0,0,0,0,0,0,0,0,4,0,0,0,0,4,0,0,0,12,0,0,0,0,0,0,0,0,0,0,8,4,0,41358,1296,41,189,1107,20025,461,21,125,336,11847,322,13,26,296,4801,210,3,9,201,2620,71,0,3,68,2065,232,4,26,206,987,589,398,523,214,164,65,13,8,0
08-17-2020,184009,109554,7043,646,420,8,7043,2884,1913,1182,482,334,248,5861,195,182,13,1,1,0,0,0,0,0,0,0,0,0,0,0,0,0,0,0,0,0,0,0,0,0,0,4,0,0,0,0,4,0,0,0,12,0,0,0,0,0,0,0,0,0,0,8,4,0,41468,1274,41,189,1085,20055,398,19,118,280,11871,326,14,27,299,4810,210,3,9,201,2642,88,0,3,85,2090,252,5,32,220,987,589,398,523,214,164,65,13,8,0
08-18-2020,185136,110364,7058,1127,810,15,7058,2888,1917,1182,482,339,250,5866,205,191,14,1,1,0,0,0,0,0,0,0,0,0,0,0,0,0,0,0,0,0,0,0,0,0,0,5,0,0,0,0,5,0,0,0,13,0,0,0,0,0,0,0,0,0,0,8,5,0,41615,1295,38,190,1105,20104,404,16,122,282,11891,319,15,27,292,4827,212,3,9,203,2653,86,0,4,82,2140,274,4,28,246,987,589,398,523,214,164,65,13,8,0
08-19-2020,186776,111360,7065,1640,996,7,7065,2889,1918,1184,482,340,252,5871,207,194,13,1,1,0,0,0,0,0,0,0,0,0,0,0,0,0,0,0,0,0,0,0,0,0,0,6,0,0,0,0,6,0,0,0,12,0,0,0,0,0,0,0,0,0,0,7,5,0,41801,1427,56,225,1202,20157,480,16,156,324,11935,345,33,25,320,4844,217,3,9,208,2671,99,0,5,94,2194,286,4,30,256,987,589,398,523,214,164,65,13,8,0
08-20-2020,188355,112396,7078,1579,1036,13,7078,2892,1919,1186,484,344,253,5874,217,202,15,1,1,0,0,0,0,0,0,0,0,0,0,0,0,0,0,0,0,0,0,0,0,0,0,7,0,0,0,0,7,0,0,0,14,0,0,0,0,0,0,0,0,0,0,7,7,0,42096,1605,64,252,1353,20299,599,15,184,415,12006,374,40,26,348,4869,226,4,9,217,2692,113,0,5,108,2230,293,5,28,265,987,589,398,523,214,164,65,13,8,0
08-21-2020,190441,113688,7095,2086,1292,17,7095,2898,1920,1193,484,346,254,5876,232,218,14,1,1,0,0,0,0,0,0,0,0,0,0,0,0,0,0,0,0,0,0,0,0,0,0,7,0,0,0,0,7,0,0,0,13,0,0,0,0,0,0,0,0,0,0,7,6,0,42357,1715,64,276,1439,20398,623,38,204,419,12057,408,14,27,381,4911,247,4,9,238,2705,121,2,5,116,2286,316,6,31,285,987,589,398,523,214,164,65,13,8,0
08-22-2020,192099,114764,7105,1658,1076,10,7105,2903,1923,1193,485,346,255,5876,242,230,12,1,1,0,0,0,0,0,0,0,0,0,0,0,0,0,0,0,0,0,0,0,0,0,0,7,0,0,0,0,7,0,0,0,11,0,0,0,0,0,0,0,0,0,0,5,6,0,42465,1658,66,278,1380,20420,592,38,204,388,12096,404,14,30,374,4913,233,4,8,225,2714,126,2,5,121,2322,303,8,31,272,987,589,398,523,214,164,65,13,8,0
08-23-2020,193716,115806,7110,1617,1042,5,7110,2903,1924,1196,485,346,256,5878,245,232,13,1,1,0,0,0,0,0,0,0,0,0,0,0,0,0,0,0,0,0,0,0,0,0,0,5,0,0,0,0,5,0,0,0,12,0,0,0,0,0,0,0,0,0,0,4,8,0,42589,1683,68,268,1415,20431,565,37,195,370,12157,438,14,27,411,4943,256,7,10,246,2733,142,4,7,135,2325,282,6,29,253,987,589,398,523,214,164,65,13,8,0
08-24-2020,194430,116228,7113,714,422,3,7113,2903,1927,1196,485,346,256,5883,243,230,13,0,0,0,0,0,0,0,0,0,0,0,0,0,0,0,0,0,0,0,0,0,0,0,0,5,0,0,0,0,5,0,0,0,13,0,0,0,0,0,0,0,0,0,0,5,8,0,42652,1612,66,252,1360,20436,518,35,178,340,12197,457,14,28,429,4959,256,7,10,246,2735,138,4,7,131,2325,243,6,29,214,987,589,398,523,214,164,65,13,8,0
08-25-2020,195794,117078,7124,1364,850,11,7124,2906,1930,1197,485,347,259,5889,248,234,14,0,0,0,0,0,0,0,0,0,0,0,0,0,0,0,0,0,0,0,0,0,0,0,0,5,0,0,0,0,5,0,0,0,14,0,0,0,0,0,0,0,0,0,0,5,9,0,42976,1785,68,259,1526,20558,577,35,185,392,12307,530,17,29,501,4987,272,7,10,262,2775,167,4,7,160,2349,239,5,28,211,987,589,398,523,214,164,65,13,8,0
08-26-2020,197179,117791,7133,1385,713,9,7133,2906,1932,1201,485,349,260,5905,241,232,9,0,0,0,0,0,0,0,0,0,0,0,0,0,0,0,0,0,0,0,0,0,0,0,0,5,0,0,0,0,5,0,0,0,9,0,0,0,0,0,0,0,0,0,0,1,8,0,43198,1904,71,285,1619,20644,631,39,202,429,12365,565,16,35,530,5029,288,8,13,275,2790,180,4,6,174,2370,240,4,29,211,987,589,398,523,214,164,65,13,8,0
08-27-2020,199348,118825,7194,2169,1034,61,7194,2923,1933,1208,515,352,263,5924,283,275,8,0,0,0,0,0,0,0,0,0,0,0,0,0,0,0,0,0,0,0,0,0,0,0,0,5,0,0,0,0,5,0,0,0,8,0,0,0,0,0,0,0,0,0,0,1,7,0,43405,1959,76,296,1663,20713,654,43,206,448,12406,572,16,34,538,5070,278,7,14,264,2827,212,5,10,202,2389,243,5,32,211,987,589,398,523,214,164,65,13,8,0
08-28-2020,200877,119608,7211,1529,783,17,7211,2931,1933,1212,516,355,264,5933,291,282,9,1,0,1,0,0,0,0,0,0,0,0,0,0,0,0,0,0,0,0,0,0,0,0,0,5,0,0,0,0,5,0,0,0,8,0,0,0,0,0,0,0,0,0,0,1,7,0,43760,2145,78,319,1826,20842,699,40,220,479,12467,601,17,34,567,5095,290,7,14,276,2931,305,7,19,286,2425,250,7,32,218,987,589,398,523,214,164,65,13,8,0
08-29-2020,202668,120551,7223,1791,943,12,7223,2937,1936,1213,516,355,266,5940,296,285,11,1,0,1,0,0,0,0,0,0,0,0,0,0,0,0,0,0,0,0,0,0,0,0,0,4,0,0,0,0,4,0,0,0,10,1,0,0,0,0,0,0,0,0,0,2,7,0,43897,2137,75,321,1816,20898,719,40,222,497,12499,601,16,34,567,5100,282,6,14,268,2956,290,6,20,270,2444,245,7,31,214,987,589,398,523,214,164,65,13,8,0
08-30-2020,204089,121344,7238,1421,793,15,7238,2942,1936,1216,522,355,267,5949,302,289,13,1,0,1,0,0,0,0,0,0,0,0,0,0,0,0,0,0,0,0,0,0,0,0,0,4,0,0,0,0,4,0,0,0,12,1,0,0,0,0,0,0,0,0,0,2,9,0,43983,2101,77,311,1790,20923,707,40,209,498,12506,575,15,34,541,5132,301,8,16,285,2978,292,7,21,271,2444,226,7,31,195,987,589,398,523,214,164,65,13,8,0
08-31-2020,204808,121684,7240,719,340,2,7240,2943,1937,1216,522,355,267,5955,298,284,14,1,0,1,0,0,0,0,0,0,0,0,0,0,0,0,0,0,0,0,0,0,0,0,0,2,0,0,0,0,2,0,0,0,13,1,0,0,0,0,0,0,0,0,0,2,10,0,44145,2022,73,294,1728,20991,684,41,198,486,12542,549,13,32,517,5154,302,8,16,286,3012,306,8,21,285,2446,181,3,27,154,987,589,398,523,214,164,65,13,8,0
09-01-2020,206570,122724,7256,1762,1040,16,7256,2948,1940,1218,522,360,268,5960,309,294,15,1,0,1,0,0,0,0,0,0,0,0,0,0,0,0,0,0,0,0,0,0,0,0,0,2,0,0,0,0,2,0,0,0,14,1,0,0,0,0,0,0,0,0,0,3,10,0,44297,1977,51,277,1700,21043,640,18,182,458,12589,534,12,31,503,5180,312,10,16,296,3028,309,8,21,288,2457,182,3,27,155,987,589,398,523,214,164,65,13,8,0
09-02-2020,207827,123648,7273,1257,924,17,7273,2954,1942,1219,525,363,270,5966,320,305,15,1,0,1,0,0,0,0,0,0,0,0,0,0,0,0,0,0,0,0,0,0,0,0,0,2,0,0,0,0,2,0,0,0,14,1,0,0,0,0,0,0,0,0,0,3,10,0,44555,2118,52,285,1833,21148,693,18,190,503,12636,562,12,28,534,5238,353,12,16,337,3050,322,9,21,301,2483,188,3,30,158,987,589,398,523,214,164,65,13,8,0
09-03-2020,209592,124694,7294,1765,1046,21,7294,2958,1951,1219,529,366,271,5971,335,321,14,1,0,1,0,0,0,0,0,0,0,0,0,0,0,0,0,0,0,0,0,0,0,0,0,2,0,0,0,0,2,0,0,0,13,1,0,0,0,0,0,0,0,0,0,3,9,0,44768,2185,49,292,1893,21248,770,17,193,577,12680,531,9,28,503,5272,365,12,17,348,3057,314,9,21,293,2511,205,2,33,172,988,589,399,523,214,165,65,13,8,1
09-04-2020,211130,125411,7311,1538,717,17,7311,2965,1954,1223,529,369,271,5982,341,328,13,1,0,1,0,0,0,0,0,0,0,0,0,0,0,0,0,0,0,0,0,0,0,0,0,2,0,0,0,0,2,0,0,0,12,1,0,0,0,0,0,0,0,0,0,2,9,0,45065,2249,44,272,1977,21361,780,14,179,601,12777,571,10,29,542,5292,360,11,17,343,3081,314,7,21,293,2554,224,2,26,198,988,589,399,523,214,165,65,13,8,0
09-05-2020,212769,126276,7343,1639,865,32,7343,2981,1965,1225,530,370,272,5986,369,355,14,1,0,1,0,0,0,0,0,0,0,0,0,0,0,0,0,0,0,0,0,0,0,0,0,2,0,0,0,0,2,0,0,0,13,2,0,0,0,0,0,0,0,0,0,2,9,0,45206,2181,41,267,1914,21415,758,13,179,579,12823,583,10,28,555,5308,351,9,16,335,3090,283,7,18,265,2570,206,2,26,180,988,589,399,523,214,165,65,13,8,0
09-06-2020,214110,127083,7363,1341,807,20,7363,2992,1966,1228,530,375,272,5990,385,370,15,1,0,1,0,0,0,0,0,0,0,0,0,0,0,0,0,0,0,0,0,0,0,0,0,3,0,0,0,0,3,0,0,0,14,3,0,0,0,0,0,0,0,0,0,2,9,0,45289,2052,39,262,1790,21449,716,12,175,541,12847,580,9,28,552,5317,307,8,15,292,3096,259,8,18,241,2580,190,2,26,164,988,589,399,523,214,165,65,13,8,0
09-07-2020,214746,127431,7369,636,348,6,7369,2992,1969,1229,530,377,272,5994,387,370,17,1,0,1,0,0,0,0,0,0,0,0,0,0,0,0,0,0,0,0,0,0,0,0,0,3,0,0,0,0,3,0,0,0,16,4,0,0,0,0,0,0,0,0,0,2,10,0,45395,1995,34,260,1735,21499,716,11,169,547,12878,552,7,27,525,5321,296,8,16,280,3100,244,7,18,226,2597,187,1,30,157,988,589,399,523,214,165,65,13,8,0
09-08-2020,215962,128178,7384,1216,747,15,7384,2993,1973,1233,532,381,272,5999,397,380,17,1,0,1,0,0,0,0,0,0,0,0,0,0,0,0,0,0,0,0,0,0,0,0,0,3,0,0,0,0,3,0,0,0,16,4,0,0,0,0,0,0,0,0,0,2,10,0,45651,2089,35,258,1831,21606,741,11,169,572,12948,601,7,27,574,5353,304,9,17,287,3111,238,7,17,221,2633,205,0,28,177,988,589,399,523,214,165,65,13,8,0
09-09-2020,217465,129006,7403,1503,828,19,7403,2998,1975,1235,536,386,273,6005,410,394,16,2,0,2,0,0,0,0,0,0,0,0,0,0,0,0,0,0,0,0,0,0,0,0,0,2,0,0,0,0,2,0,0,0,14,2,0,0,0,0,0,0,0,0,0,3,9,0,45791,2066,33,262,1804,21642,704,11,171,533,13009,624,8,26,598,5369,312,9,17,295,3117,207,5,17,190,2654,219,0,31,188,988,589,399,523,214,165,65,13,8,0
09-10-2020,219106,129830,7443,1641,824,40,7443,3013,1979,1238,536,404,273,6015,439,426,13,2,0,2,0,0,0,0,0,0,0,0,0,0,0,0,0,0,0,0,0,0,0,0,0,2,0,0,0,0,2,0,0,0,11,3,0,0,0,0,0,0,0,0,0,3,5,0,45989,2082,37,280,1802,21726,740,12,178,562,13049,606,9,27,579,5387,298,9,17,281,3133,186,4,18,168,2694,252,3,40,212,989,589,400,523,214,165,66,13,8,1
09-11-2020,220614,130532,7484,1508,702,41,7484,3021,1980,1245,547,413,278,6029,466,451,15,2,0,2,0,0,0,0,0,0,0,0,0,0,0,0,0,0,0,0,0,0,0,0,0,9,0,0,0,0,9,0,0,0,13,5,0,0,0,0,0,0,0,0,0,2,6,0,45989,2082,37,280,1802,21821,738,13,173,565,13112,635,12,25,610,5419,309,10,16,293,3154,186,8,21,165,2780,314,4,39,275,989,589,400,523,214,165,66,13,8,0
09-12-2020,222457,131401,7511,1843,869,27,7511,3031,1984,1248,549,421,278,6036,486,472,14,2,0,2,0,0,0,0,0,0,0,0,0,0,0,0,0,0,0,0,0,0,0,0,0,11,0,0,0,0,11,0,0,0,12,5,0,0,0,0,0,0,0,0,0,3,4,0,46497,2222,47,284,1938,21892,805,14,180,625,13173,605,12,26,579,5441,310,11,17,293,3166,160,7,12,148,2825,342,3,49,293,989,589,400,523,214,165,66,13,8,0
09-13-2020,224119,132323,7550,1662,922,39,7550,3050,1987,1253,550,429,281,6041,520,504,16,2,0,2,0,0,0,0,0,0,0,0,0,0,0,0,0,0,0,0,0,0,0,0,0,11,0,0,0,0,11,0,0,0,14,5,0,0,0,0,0,0,0,0,0,3,6,0,46602,2140,46,290,1850,21931,725,12,181,544,13187,618,14,26,592,5464,293,9,20,273,3180,162,8,12,150,2840,342,3,51,291,989,589,400,523,214,165,66,13,8,0
09-14-2020,224672,132543,7561,553,220,11,7561,3050,1988,1256,550,436,281,6044,528,511,17,2,0,2,0,0,0,0,0,0,0,0,0,0,0,0,0,0,0,0,0,0,0,0,0,11,0,0,0,0,11,0,0,0,15,5,0,0,0,0,0,0,0,0,0,4,6,0,46642,1986,47,295,1691,21950,670,13,181,489,13187,566,14,26,540,5470,276,9,24,252,3180,143,8,12,131,2855,331,3,52,279,989,589,400,523,214,165,66,13,8,0
09-15-2020,225931,133279,7575,1259,736,14,7575,3051,1996,1256,551,440,281,6050,536,517,19,2,0,2,0,0,0,0,0,0,0,0,0,0,0,0,0,0,0,0,0,0,0,0,0,11,0,0,0,0,11,0,0,0,17,5,0,0,0,0,0,0,0,0,0,4,8,0,46889,1989,46,221,1768,22029,582,13,102,480,13256,603,13,31,572,5486,276,10,24,252,3188,142,7,12,130,2930,386,4,52,334,989,589,400,523,214,165,66,13,8,0
09-16-2020,227277,134034,7613,1346,755,38,7613,3057,2003,1263,554,452,284,6063,561,544,17,2,0,2,0,0,0,0,0,0,0,0,0,0,0,0,0,0,0,0,0,0,0,0,0,14,0,0,0,0,14,0,0,0,15,2,0,0,0,0,0,0,0,0,0,4,9,0,47333,2251,46,251,2000,22229,680,9,124,556,13333,642,14,29,613,5505,283,10,25,258,3211,153,7,12,141,3055,493,6,61,432,989,589,400,523,214,165,66,13,8,0
09-17-2020,228972,135016,7650,1695,982,37,7650,3070,2014,1266,557,458,285,6079,582,560,22,2,1,1,0,0,0,0,0,0,0,0,0,0,0,0,0,0,0,0,0,0,0,0,0,17,0,0,0,0,17,0,0,0,20,5,0,0,0,0,0,0,0,0,0,4,11,0,47551,2315,45,258,2057,22307,722,9,127,595,13400,657,14,32,625,5531,278,8,25,253,3213,145,8,12,133,3100,513,6,62,451,989,589,400,523,214,165,66,13,8,0
09-18-2020,230491,135887,7679,1519,871,29,7679,3078,2021,1266,558,468,288,6084,606,583,23,2,1,1,0,0,0,0,0,0,0,0,0,0,0,0,0,0,0,0,0,0,0,0,0,17,0,0,0,0,17,0,0,0,22,5,0,0,0,0,0,0,0,0,0,5,12,0,47741,2194,48,227,1967,22398,666,11,96,570,13454,630,14,31,599,5548,285,8,25,260,3220,145,8,12,133,3121,468,7,63,405,989,589,400,523,214,165,66,13,8,0
09-19-2020,231948,136589,7703,1458,702,24,7703,3081,2022,1270,560,480,290,6093,621,596,25,2,2,0,0,0,0,0,0,0,0,0,0,0,0,0,0,0,0,0,0,0,0,0,0,17,0,0,0,0,17,0,0,0,23,5,0,0,0,0,0,0,0,0,0,5,13,0,48014,2264,63,219,2045,22526,693,23,86,607,13521,677,18,34,643,5577,296,9,25,271,3229,140,7,12,128,3161,458,6,62,396,989,589,400,523,214,165,66,13,8,0
09-20-2020,233406,137510,7734,1458,921,31,7734,3085,2037,1272,560,490,290,6103,642,618,24,2,2,0,0,0,0,0,0,0,0,0,0,0,0,0,0,0,0,0,0,0,0,0,0,17,0,0,0,0,17,0,0,0,22,4,0,0,0,0,0,0,0,0,0,5,13,0,48092,2061,63,213,1848,22552,659,21,83,576,13540,612,20,34,578,5585,283,11,25,258,3238,145,6,12,133,3177,362,5,59,303,989,589,400,523,214,165,66,13,8,0
09-21-2020,233956,137930,7751,550,420,17,7751,3085,2039,1275,563,496,293,6112,650,624,26,2,2,0,0,0,0,0,0,0,0,0,0,0,0,0,0,0,0,0,0,0,0,0,0,17,0,0,0,0,17,0,0,0,24,5,0,0,0,0,0,0,0,0,0,5,14,0,48252,1966,56,212,1754,22598,610,16,81,529,13567,575,18,35,540,5592,267,10,25,242,3241,138,6,12,126,3254,376,6,59,317,989,589,400,523,214,165,66,13,8,0
09-22-2020,235017,138616,7769,1061,686,18,7769,3091,2047,1275,563,498,295,6120,660,633,27,3,2,1,0,0,0,0,0,0,0,0,0,0,0,0,0,0,0,0,0,0,0,0,0,17,0,0,0,0,17,0,0,0,24,5,0,0,0,0,0,0,0,0,0,5,14,0,48694,2324,54,220,2104,22774,767,11,80,687,13706,667,18,34,633,5646,313,10,25,288,3263,150,6,14,136,3305,427,9,67,360,989,589,400,523,214,165,66,13,8,0
09-23-2020,236514,139445,7801,1497,829,32,7801,3103,2050,1277,564,510,297,6125,687,659,28,4,3,1,0,0,0,0,0,0,0,0,0,0,0,0,0,0,0,0,0,0,0,0,0,17,0,0,0,0,17,0,0,0,24,5,0,0,0,0,0,0,0,0,0,4,15,0,48942,2442,61,229,2213,22854,803,13,82,721,13735,652,17,34,618,5669,326,11,25,301,3285,163,5,14,149,3399,498,10,74,424,989,589,400,523,214,165,66,13,8,0
09-24-2020,238026,140335,7818,1512,890,17,7818,3108,2053,1280,564,514,299,6129,700,672,28,3,2,1,0,0,0,0,0,0,0,0,0,0,0,0,0,0,0,0,0,0,0,0,0,17,0,0,0,0,17,0,0,0,25,6,0,0,0,0,0,0,0,0,0,4,15,0,49191,2476,70,240,2236,22971,829,24,86,743,13805,683,20,33,650,5689,329,11,24,305,3290,160,5,13,147,3436,475,10,84,391,990,589,401,523,214,165,66,14,8,1
09-25-2020,239573,141222,7851,1547,887,33,7851,3115,2060,1289,565,522,300,6140,721,697,24,2,1,1,0,0,0,0,0,0,0,0,0,0,0,0,0,0,0,0,0,0,0,0,0,18,0,0,0,0,18,0,0,0,22,6,0,0,0,0,0,0,0,0,0,4,12,0,49410,2453,67,259,2194,23054,787,20,89,698,13846,686,19,32,654,5703,319,11,25,294,3298,158,5,14,144,3509,503,12,99,404,990,589,401,523,214,165,66,14,8,0
09-26-2020,241151,142155,7877,1578,933,26,7877,3118,2065,1291,565,538,300,6146,741,716,25,2,1,1,0,0,0,0,0,0,0,0,0,0,0,0,0,0,0,0,0,0,0,0,0,17,0,0,0,0,17,0,0,0,23,9,0,0,0,0,0,0,0,0,0,4,10,0,49608,2472,83,257,2215,23187,856,26,85,771,13869,652,28,32,620,5709,303,11,25,278,3299,146,5,14,132,3544,515,13,101,414,990,589,401,523,214,165,66,14,8,0
09-27-2020,242750,143076,7901,1599,921,24,7901,3119,2068,1293,566,553,302,6151,760,738,22,2,1,1,0,0,0,0,0,0,0,0,0,2,0,0,2,0,0,0,0,0,0,0,0,18,0,0,0,0,18,0,0,0,18,8,0,0,0,0,0,0,0,0,0,2,8,0,46489,2421,73,266,2155,23221,844,18,90,754,13883,622,27,32,590,5728,302,11,26,276,3300,137,5,15,122,3544,516,12,103,413,990,589,401,523,214,165,66,14,8,0
09-28-2020,243132,143293,7906,382,217,5,7906,3119,2069,1296,566,554,302,6154,762,733,29,2,1,1,0,0,0,0,0,0,0,0,0,2,0,0,2,0,0,0,0,0,0,0,0,18,0,0,0,0,18,0,0,0,23,10,0,0,0,0,0,0,0,0,0,2,11,0,49830,2294,72,270,2024,23282,805,17,90,715,13906,569,27,31,538,5736,286,11,28,258,3311,136,5,16,120,3595,498,12,105,393,990,589,401,523,214,165,66,14,8,0
09-29-2020,244672,144152,7932,1540,859,26,7932,3119,2076,1302,566,567,302,6161,781,752,29,3,1,1,0,0,0,0,0,0,1,0,0,1,0,0,1,0,0,0,0,0,0,0,0,12,0,0,0,0,12,0,0,0,25,11,0,0,0,0,0,0,0,0,0,3,11,0,50108,2374,66,284,2090,23438,860,13,98,762,13912,567,27,32,535,5756,287,10,28,259,3355,146,5,23,123,3647,514,12,103,411,990,589,401,523,214,165,66,14,8,0
09-30-2020,246287,144940,7955,1615,788,23,7955,3124,2079,1305,566,577,304,6170,795,765,30,2,0,1,0,0,0,0,0,0,1,0,0,2,0,0,2,0,0,0,0,0,0,0,0,12,0,0,0,0,12,0,0,0,26,10,0,0,0,0,0,0,0,0,0,4,12,0,50432,2419,69,287,2132,23576,819,15,100,719,13956,590,27,29,561,5827,327,10,29,298,3382,170,5,25,145,3691,513,12,104,409,990,589,401,523,214,165,66,14,8,0
10-01-2020,248424,145986,7983,2137,1046,28,7983,3130,2085,1309,571,583,305,6180,813,783,30,6,1,2,0,0,0,0,0,0,3,0,0,0,0,0,0,0,0,0,0,0,0,0,0,12,0,0,0,0,12,0,0,0,24,9,0,0,0,0,0,0,0,0,0,4,11,0,50709,2407,67,292,2115,23690,750,15,97,653,13998,569,23,29,540,5848,333,12,29,304,3447,228,6,31,197,3726,527,11,106,421,990,589,401,523,214,165,66,14,8,0
10-02-2020,250543,147169,8025,2119,1183,42,8025,3133,2087,1321,576,601,307,6191,844,815,29,4,1,2,0,0,0,0,0,0,1,0,0,2,0,0,2,0,0,0,0,0,0,0,0,12,0,0,0,0,12,0,0,0,23,10,0,0,0,0,0,0,0,0,0,4,9,0,51131,2508,71,296,2212,23884,733,21,89,644,14039,561,23,28,533,5899,372,12,30,342,3524,296,3,35,261,3785,546,12,114,432,991,589,402,523,214,165,66,15,8,1
10-03-2020,252602,148490,8084,2059,1321,59,8084,3138,2095,1323,586,629,313,6197,896,867,29,6,1,2,0,0,0,0,0,0,3,0,0,1,0,0,1,0,0,0,0,0,0,0,0,12,0,0,0,0,12,0,0,0,22,9,0,0,0,0,0,0,0,0,0,4,9,0,51378,2465,70,306,2159,23944,714,22,92,622,14105,536,22,33,503,5943,387,10,31,356,3544,298,2,33,265,3842,530,14,117,413,992,589,403,523,214,165,66,16,8,1
10-04-2020,254464,149612,8143,1862,1122,59,8143,3146,2095,1342,600,647,313,6210,941,911,30,6,1,2,0,0,0,0,0,0,3,0,0,0,0,0,0,0,0,0,0,0,0,0,0,12,0,0,0,0,12,0,0,0,24,10,0,0,0,0,0,0,0,0,0,4,10,0,51631,2549,73,321,2228,23974,674,21,93,581,14197,587,24,35,552,6021,455,10,35,420,3576,321,3,39,282,3863,512,15,119,393,992,589,403,523,214,165,66,16,8,0
10-05-2020,255176,150061,8165,716,449,22,8165,3147,2099,1345,607,653,314,6219,954,920,34,6,1,2,0,0,0,0,0,0,3,0,0,0,0,0,0,0,0,0,0,0,0,0,0,8,0,0,0,0,8,0,0,0,28,13,0,0,0,0,0,0,0,0,0,4,11,0,52032,2767,76,324,2443,24091,677,22,84,593,14290,659,24,37,622,6082,490,9,35,455,3648,390,6,40,350,3921,551,15,128,423,992,589,403,523,214,165,66,16,8,0
10-06-2020,256738,150966,8200,1562,905,35,8200,3149,2107,1355,611,660,318,6226,982,947,35,6,1,2,0,0,0,0,0,0,3,0,0,0,0,0,0,0,0,0,0,0,0,0,0,8,0,0,0,0,8,0,0,0,29,14,0,0,0,0,0,0,0,0,0,4,11,0,52607,3159,98,346,2813,24333,845,31,98,747,14360,693,23,39,654,6129,516,12,37,479,3733,472,11,41,431,4052,633,18,131,502,992,589,403,523,214,165,66,16,8,0
10-07-2020,259255,152490,8284,2517,1524,84,8284,3161,2114,1367,618,706,318,6240,1052,1016,36,5,1,2,0,0,0,0,0,0,2,0,0,1,0,0,1,0,0,0,0,0,0,0,0,10,0,0,0,0,10,0,0,0,30,14,0,0,0,0,0,0,0,0,0,5,11,0,53119,3456,90,360,3096,24478,892,20,99,793,14434,728,25,41,687,6223,600,13,47,553,3823,536,13,40,496,4161,700,19,133,567,992,589,403,523,214,165,66,16,8,0
10-08-2020,261317,153648,8350,2062,1158,66,8350,3164,2120,1378,642,726,320,6251,1107,1068,39,5,1,2,0,0,0,0,0,0,2,0,0,0,0,0,0,0,0,0,0,0,0,0,0,10,0,0,0,0,10,0,0,0,34,18,0,0,0,0,0,0,0,0,0,4,12,0,53464,3565,79,373,3192,24561,882,17,93,789,14513,781,18,47,734,6307,633,12,56,577,3866,573,13,40,533,4217,696,19,137,559,992,589,403,523,214,165,66,16,8,0
10-09-2020,263612,154836,8399,2295,1188,49,8399,3170,2122,1390,654,743,320,6262,1145,1105,40,3,0,2,0,0,0,0,0,0,1,0,0,1,0,0,1,0,0,0,0,0,0,0,0,10,0,0,0,0,10,0,0,0,36,20,0,0,0,0,0,0,0,0,0,5,11,0,54173,3825,98,415,3410,24785,851,26,116,735,14617,854,23,51,803,6470,765,14,70,695,3959,643,13,42,601,4342,712,22,136,576,992,589,403,523,214,165,66,16,8,0
10-10-2020,266010,156147,8485,2398,1311,86,8485,3182,2153,1403,668,759,320,6290,1203,1158,45,4,0,3,0,0,0,0,0,0,1,0,0,0,0,0,0,0,0,0,0,0,0,0,0,10,0,0,0,0,10,0,0,0,41,21,0,0,0,0,0,0,0,0,0,6,14,0,54498,3846,95,434,3412,24848,822,20,122,700,14720,891,21,50,841,6516,753,19,72,681,4018,663,13,45,618,4396,717,22,145,572,992,589,403,523,214,165,66,16,8,0
10-11-2020,268395,157585,8593,2385,1438,108,8593,3189,2184,1431,673,792,324,6298,1303,1253,50,6,0,5,0,0,0,0,0,0,1,0,0,0,0,0,0,0,0,0,0,0,0,0,0,12,0,0,0,0,12,0,0,0,44,21,0,0,0,0,0,0,0,0,0,6,17,0,54818,3921,89,471,3450,24877,733,14,114,619,14826,964,29,61,903,6609,811,15,90,721,4076,682,13,53,629,4430,731,18,153,578,992,589,403,523,214,165,66,16,8,0
10-12-2020,269232,158054,8630,837,469,37,8630,3191,2205,1436,680,794,324,6309,1329,1274,55,5,0,3,0,0,0,0,0,0,2,0,0,0,0,0,0,0,0,0,0,0,0,0,0,12,0,0,0,0,12,0,0,0,50,23,0,0,0,0,0,0,0,0,0,7,20,0,55507,4277,94,506,3771,25081,789,19,113,676,15044,1127,35,66,1061,6728,893,14,115,778,4164,738,12,56,682,4490,730,14,156,574,992,589,403,523,214,165,66,16,8,0
10-13-2020,270757,158948,8712,1525,894,82,8712,3196,2230,1454,690,815,327,6325,1395,1329,66,6,0,3,0,0,0,0,0,0,3,0,0,0,0,0,0,0,0,0,0,0,0,0,0,17,0,0,0,0,17,0,0,0,60,30,0,0,0,0,0,0,0,0,0,7,23,0,56411,4885,110,541,4344,25253,856,26,116,740,15282,1288,39,66,1222,6968,1114,14,123,991,4307,847,11,67,780,4601,780,20,169,611,992,589,403,523,214,165,66,16,8,0
10-14-2020,273839,160725,8878,3082,1777,166,8878,3206,2269,1492,711,869,331,6349,1537,1465,72,8,2,3,0,0,0,0,0,0,3,0,0,0,0,0,0,0,0,0,0,0,0,0,0,17,0,0,0,0,17,0,0,0,64,30,0,0,0,0,0,0,0,0,0,10,24,0,57193,5301,103,585,4716,25465,969,20,129,840,15519,1402,37,65,1337,7103,1234,14,129,1105,4449,932,11,86,846,4657,764,21,176,588,992,589,403,523,214,165,66,16,8,0
